"last_name, first_name","player_id","year","player_age","ab","pa","single","double","triple","home_run","strikeout","walk","k_percent","bb_percent","batting_avg","slg_percent","on_base_percent","on_base_plus_slg","isolated_power","babip","r_total_caught_stealing","r_total_stolen_base","b_hit_by_pitch","b_intent_walk","b_sac_fly","woba","sprint_speed"
"Blackmon, Charlie",453568,2023,36,359,413,63,24,5,8,55,39,13.3,9.4,".279",".440",".363","0.803","0.161",".307","1","4","11","0","4",".350","27.6"
"Votto, Joey",458015,2023,39,208,242,22,6,0,14,62,27,25.6,11.2,".202",".433",".314","0.747","0.231",".212","0","0","7","0","0",".326","25.6"
"Kiner-Falefa, Isiah",643396,2023,28,326,361,60,12,1,6,70,28,19.4,7.8,".242",".340",".306","0.646","0.098",".289","5","14","3","0","3",".286","27.7"
"Siri, Jose",642350,2023,27,338,364,35,13,2,25,130,20,35.7,5.5,".222",".494",".267","0.761","0.272",".269","3","12","2","0","3",".319","29.7"
"Bruján, Vidal",660644,2023,25,76,84,11,2,0,0,21,5,25,6,".171",".197",".241","0.438","0.026",".236","2","3","2","0","0",".206","26.9"
"Jansen, Danny",643376,2023,28,268,301,29,15,0,17,62,23,20.6,7.6,".228",".474",".312","0.786","0.246",".233","0","0","10","1","0",".336","27.1"
"Davis, J.D.",605204,2023,30,480,546,77,23,1,18,152,52,27.8,9.5,".248",".412",".325","0.737","0.164",".320","0","1","6","0","6",".321","25.8"
"Ozuna, Marcell",542303,2023,32,530,592,75,29,1,40,134,57,22.6,9.6,".274",".558",".346","0.904","0.284",".293","0","0","3","1","2",".381","26.4"
"Pérez, Carlos",656024,2023,26,49,53,5,4,0,1,11,4,20.8,7.5,".204",".347",".264","0.611","0.143",".243","0","0","0","0","0",".267","26.1"
"Cordero, Franchy",614173,2023,28,69,71,5,2,0,6,25,2,35.2,2.8,".188",".478",".211","0.689","0.290",".184","0","0","0","0","0",".286","27.4"
"Campusano, Luis",669134,2023,24,163,174,38,7,0,7,21,7,12.1,4,".319",".491",".356","0.847","0.172",".331","0","0","3","0","1",".364","25.8"
"d'Arnaud, Travis",518595,2023,34,267,292,36,13,0,11,67,21,22.9,7.2,".225",".397",".288","0.685","0.172",".258","0","0","3","0","1",".297","26.1"
"Ford, Mike",645801,2023,30,219,251,28,6,0,16,81,24,32.3,9.6,".228",".475",".323","0.798","0.247",".276","0","0","7","0","1",".343","24.5"
"Alvarez, Yordan",670541,2023,26,410,496,64,24,1,31,92,69,18.5,13.9,".293",".583",".407","0.990","0.290",".306","0","0","13","5","4",".415","26.3"
"Rafaela, Ceddanne",678882,2023,22,83,89,12,6,0,2,28,4,31.5,4.5,".241",".386",".281","0.667","0.145",".333","1","3","1","0","1",".287","28.7"
"Miller, Owen",680911,2023,26,291,314,54,17,0,5,61,17,19.4,5.4,".261",".371",".303","0.674","0.110",".310","2","13","2","1","4",".292","29.0"
"Noda, Ryan",676116,2023,27,406,495,54,22,1,16,170,77,34.3,15.6,".229",".406",".364","0.770","0.177",".347","1","3","10","1","2",".342","27.3"
"Melendez Jr., MJ",669004,2023,24,533,602,75,29,5,16,170,62,28.2,10.3,".235",".398",".316","0.714","0.163",".311","4","6","3","2","4",".310","27.6"
"Barnhart, Tucker",571466,2023,32,109,123,18,3,0,1,42,12,34.1,9.8,".202",".257",".285","0.542","0.055",".313","0","1","1","0","1",".250","23.2"
"Mitchell, Garrett",669003,2023,24,65,73,10,2,1,3,26,7,35.6,9.6,".246",".446",".315","0.761","0.200",".351","1","1","0","0","1",".326","29.3"
"Choi, Ji Man",596847,2023,32,104,117,6,5,0,6,35,10,29.9,8.5,".163",".385",".239","0.624","0.222",".169","0","0","1","0","2",".267","24.9"
"Cabbage, Trey",663550,2023,26,53,56,7,3,0,1,26,2,46.4,3.6,".208",".321",".232","0.553","0.113",".370","1","1","0","0","1",".238","28.4"
"Caballero, José",676609,2023,26,231,280,37,9,1,4,66,28,23.6,10,".221",".320",".343","0.663","0.099",".285","3","26","17","0","4",".305","29.0"
"Ortega, Rafael",542364,2023,32,114,136,21,3,0,1,33,20,24.3,14.7,".219",".272",".341","0.613","0.053",".300","1","6","1","0","0",".288","27.2"
"Bell, Josh",605137,2023,30,547,617,85,28,0,22,134,63,21.7,10.2,".247",".419",".325","0.744","0.172",".287","1","0","2","2","3",".323","25.9"
"León, Sandy",506702,2023,34,41,44,4,2,0,0,20,1,45.5,2.3,".146",".195",".186","0.381","0.049",".286","0","0","1","0","0",".173","22.7"
"Betts, Mookie",605141,2023,30,584,693,99,40,1,39,107,96,15.4,13.9,".307",".579",".408","0.987","0.272",".316","3","14","8","3","5",".416","27.2"
"Wallach, Chad",595453,2023,31,157,172,18,5,1,7,57,13,33.1,7.6,".197",".376",".259","0.635","0.179",".258","1","0","0","0","0",".275","24.3"
"Fletcher, Dominic",666150,2023,25,93,102,20,5,1,2,22,7,21.6,6.9,".301",".441",".350","0.791","0.140",".377","2","0","0","1","0",".340","26.4"
"Matos, Luis",682641,2023,21,228,253,41,13,1,2,33,20,13,7.9,".250",".342",".319","0.661","0.092",".285","0","3","3","0","0",".295","27.7"
"Nimmo, Brandon",607043,2023,30,592,682,102,30,6,24,146,74,21.4,10.9,".274",".466",".363","0.829","0.192",".324","3","3","11","0","4",".359","28.0"
"Mejía, Francisco",642336,2023,27,150,160,18,11,0,5,38,6,23.8,3.8,".227",".400",".258","0.658","0.173",".266","1","0","1","0","2",".280","26.3"
"Julks, Corey",667452,2023,27,298,323,53,14,0,6,75,22,23.2,6.8,".245",".352",".297","0.649","0.107",".306","3","15","1","0","2",".286","28.4"
"Harrison, Josh",543281,2023,35,103,114,16,3,0,2,20,3,17.5,2.6,".204",".291",".263","0.554","0.087",".229","0","0","6","0","2",".248","26.5"
"Capra, Vinny",681962,2023,26,18,21,2,1,0,0,5,2,23.8,9.5,".167",".222",".250","0.472","0.055",".231","0","0","0","0","0",".220","27.7"
"Monasterio, Andruw",655316,2023,26,282,315,55,14,1,3,66,28,21,8.9,".259",".348",".330","0.678","0.089",".326","2","7","3","0","2",".302","28.0"
"Albies, Ozzie",645277,2023,26,596,660,99,30,5,33,107,46,16.2,7,".280",".513",".336","0.849","0.233",".289","1","13","8","2","8",".358","27.6"
"LeMahieu, DJ",518934,2023,34,497,562,81,22,3,15,125,60,22.2,10.7,".243",".390",".327","0.717","0.147",".295","2","2","3","2","2",".315","25.7"
"Bleday, JJ",668709,2023,25,256,303,29,11,0,10,72,42,23.8,13.9,".195",".355",".310","0.665","0.160",".226","1","5","2","0","3",".297","27.2"
"Jeffers, Ryan",680777,2023,26,286,335,48,15,2,14,93,33,27.8,9.9,".276",".490",".369","0.859","0.214",".359","2","3","10","1","2",".369","26.5"
"Volpe, Anthony",683011,2023,22,541,601,65,23,4,21,167,52,27.8,8.7,".209",".383",".283","0.666","0.174",".259","5","24","5","0","2",".290","28.4"
"Garver, Mitch",641598,2023,32,296,344,50,11,0,19,82,44,23.8,12.8,".270",".500",".370","0.870","0.230",".313","0","0","3","1","0",".374","25.7"
"Cooper, Garrett",643265,2023,32,422,457,70,18,1,17,132,31,28.9,6.8,".251",".419",".304","0.723","0.168",".324","0","0","2","0","2",".313","26.3"
"Díaz, Yandy",650490,2023,31,525,600,116,35,0,22,94,65,15.7,10.8,".330",".522",".410","0.932","0.192",".367","1","0","8","0","2",".402","26.6"
"Fry, David",681807,2023,27,101,113,14,6,0,4,30,8,26.5,7.1,".238",".416",".319","0.735","0.178",".299","0","2","4","0","0",".321","27.0"
"Wade Jr., LaMonte",664774,2023,29,429,519,77,14,2,17,95,76,18.3,14.6,".256",".417",".373","0.790","0.161",".290","0","2","6","3","4",".347","26.0"
"Pollock, AJ",572041,2023,35,133,144,13,4,0,5,32,9,22.2,6.3,".165",".308",".215","0.523","0.143",".173","1","0","0","0","2",".227","28.8"
"Winn, Masyn",691026,2023,21,122,137,17,2,0,2,26,10,19,7.3,".172",".238",".230","0.468","0.066",".196","1","2","0","0","3",".211","29.2"
"Yastrzemski, Mike",573262,2023,32,330,381,38,23,1,15,99,45,26,11.8,".233",".445",".330","0.775","0.212",".286","2","2","3","3","1",".333","27.0"
"Young, Jacob",696285,2023,23,107,121,19,7,1,0,22,10,18.2,8.3,".252",".336",".322","0.658","0.084",".318","0","13","1","0","0",".294","30.0"
"Paris, Kyren",677347,2023,21,40,46,4,0,0,0,17,4,37,8.7,".100",".100",".200","0.300","0.000",".174","0","3","1","0","0",".156","29.2"
"Mastrobuoni, Miles",670156,2023,27,133,149,26,5,0,1,32,13,21.5,8.7,".241",".301",".308","0.609","0.060",".310","1","13","0","0","0",".275","28.6"
"Springer III, George",543807,2023,33,613,683,111,25,1,21,125,60,18.3,8.8,".258",".405",".327","0.732","0.147",".291","5","20","5","1","3",".320","27.8"
"Canha, Mark",592192,2023,34,435,507,77,25,1,11,79,49,15.6,9.7,".262",".400",".355","0.755","0.138",".293","1","11","17","1","6",".333","27.8"
"Adell, Jo",666176,2023,24,58,62,5,3,1,3,25,4,40.3,6.5,".207",".448",".258","0.706","0.241",".300","0","1","0","0","0",".299","29.0"
"Heyward, Jason",518792,2023,33,334,377,52,23,0,15,64,34,17,9,".269",".473",".340","0.813","0.204",".291","2","2","3","1","3",".348","27.1"
"Espinal, Santiago",669289,2023,28,230,254,41,14,0,2,36,18,14.2,7.1,".248",".335",".310","0.645","0.087",".285","1","2","3","1","1",".285","26.9"
"Haseley, Adam",656514,2023,27,36,39,6,2,0,0,8,3,20.5,7.7,".222",".278",".282","0.560","0.056",".286","0","1","0","0","0",".253","27.9"
"Wiemer Jr., Joey",686894,2023,24,367,410,43,19,0,13,116,36,28.3,8.8,".204",".362",".283","0.645","0.158",".258","4","11","5","0","2",".284","28.9"
"Kennedy, Buddy",671083,2023,24,24,29,3,1,0,0,6,4,20.7,13.8,".167",".208",".310","0.518","0.041",".222","0","0","1","0","0",".255","29.3"
"India, Jonathan",663697,2023,26,454,529,71,23,0,17,109,52,20.6,9.8,".244",".407",".338","0.745","0.163",".281","2","14","16","0","7",".327","27.8"
"Segura, Jean",516416,2023,33,301,326,56,5,2,3,47,22,14.4,6.7,".219",".279",".277","0.556","0.060",".251","2","6","2","1","0",".250","27.4"
"Sabol, Blake",666165,2023,25,310,344,50,10,0,13,117,24,34,7,".235",".394",".301","0.695","0.159",".330","2","4","6","0","2",".303","27.4"
"Perkins, Blake",663368,2023,26,143,168,20,7,0,4,46,23,27.4,13.7,".217",".350",".325","0.675","0.133",".290","2","5","0","0","0",".303","30.0"
"Thomas, Alek",677950,2023,23,374,402,55,17,5,9,86,19,21.4,4.7,".230",".374",".273","0.647","0.144",".273","1","9","4","1","3",".278","28.8"
"Ruf, Darin",573131,2023,36,49,57,8,3,0,0,16,8,28.1,14,".224",".286",".333","0.619","0.062",".333","0","0","0","0","0",".287","25.2"
"Freeman, Tyler",671289,2023,24,153,168,26,7,0,4,30,10,17.9,6,".242",".366",".295","0.661","0.124",".275","0","5","2","0","1",".290","28.6"
"Story, Trevor",596115,2023,30,158,168,20,9,0,3,55,9,32.7,5.4,".203",".316",".250","0.566","0.113",".290","3","10","1","0","0",".249","28.8"
"Kelly, Carson",608348,2023,28,136,151,21,5,0,2,40,14,26.5,9.3,".206",".287",".278","0.565","0.081",".274","0","1","0","0","1",".255","25.7"
"Olivares, Edward",658668,2023,27,354,385,54,23,4,12,64,22,16.6,5.7,".263",".452",".317","0.769","0.189",".289","5","11","7","1","2",".329","28.6"
"Estrada, Thairo",642731,2023,27,495,530,92,26,2,14,120,22,22.6,4.2,".271",".416",".315","0.731","0.145",".331","7","23","11","1","2",".316","28.1"
"Machado, Manny",592518,2023,30,543,601,89,21,0,30,109,50,18.1,8.3,".258",".462",".319","0.781","0.204",".268","2","3","2","1","6",".334","26.3"
"Kepler, Max",596146,2023,30,438,491,66,22,2,24,106,45,21.6,9.2,".260",".484",".332","0.816","0.224",".288","1","1","4","0","4",".348","27.4"
"Muncy, Max",571970,2023,32,482,579,48,17,1,36,153,85,26.4,14.7,".212",".475",".333","0.808","0.263",".221","2","1","6","4","6",".344","26.9"
"Raleigh, Cal",663728,2023,26,513,569,65,23,1,30,158,54,27.8,9.5,".232",".456",".306","0.762","0.224",".273","0","0","1","1","1",".326","27.0"
"Short, Zack",670097,2023,28,221,253,29,9,0,7,66,28,26.1,11.1,".204",".339",".292","0.631","0.135",".255","0","5","0","0","1",".281","28.1"
"Laureano, Ramón",657656,2023,28,361,404,50,18,4,9,114,33,28.2,8.2,".224",".371",".304","0.675","0.147",".301","1","12","9","0","1",".298","27.9"
"Rodríguez, Julio",677594,2023,22,654,714,109,37,2,32,175,47,24.5,6.6,".275",".485",".333","0.818","0.210",".330","10","37","11","6","2",".347","29.6"
"Eaton, Nate",681987,2023,26,53,56,4,0,0,0,21,2,37.5,3.6,".075",".075",".125","0.200","0.000",".125","0","3","1","0","0",".101","29.5"
"Azocar, José",640492,2023,27,91,102,13,6,0,2,24,4,23.5,3.9,".231",".363",".278","0.641","0.132",".292","2","8","2","0","0",".280","29.6"
"Smith, Kevin",675656,2023,26,135,146,16,4,0,5,51,5,34.9,3.4,".185",".326",".220","0.546","0.141",".253","0","1","1","0","0",".236","27.3"
"Burleson, Alec",676475,2023,24,315,347,48,20,1,8,45,23,13,6.6,".244",".390",".300","0.690","0.146",".261","1","3","3","0","2",".300","25.6"
"O'Keefe, Brian",657247,2023,29,19,21,0,2,0,0,7,2,33.3,9.5,".105",".211",".190","0.401","0.106",".167","0","0","0","0","0",".185",
"Turner, Trea",607208,2023,30,639,691,104,35,5,26,150,45,21.7,6.5,".266",".459",".320","0.779","0.193",".310","0","30","6","2","1",".333","30.3"
"Isbel, Kyle",664728,2023,26,292,313,41,22,2,5,59,17,18.8,5.4,".240",".380",".282","0.662","0.140",".283","1","7","1","0","2",".286","27.6"
"Urías, Ramón",602104,2023,29,360,396,66,22,3,4,101,27,25.5,6.8,".264",".375",".328","0.703","0.111",".355","1","3","8","0","1",".310","26.7"
"Arroyo, Christian",624414,2023,28,195,206,28,16,0,3,45,7,21.8,3.4,".241",".369",".268","0.637","0.128",".295","3","1","1","0","2",".274","27.7"
"Palacios, Richie",680700,2023,26,93,102,12,6,0,6,11,6,10.8,5.9,".258",".516",".307","0.823","0.258",".234","0","2","1","0","1",".346","28.0"
"Vogelbach, Daniel",596129,2023,30,275,319,43,8,0,13,81,42,25.4,13.2,".233",".404",".339","0.743","0.171",".282","0","0","2","1","0",".327","23.6"
"Guerrero Jr., Vladimir",665489,2023,24,602,682,103,30,0,26,100,67,14.7,9.8,".264",".444",".345","0.789","0.180",".277","3","5","9","5","4",".340","26.4"
"Fermin, Freddy",666023,2023,28,217,235,41,10,1,9,50,13,21.3,5.5,".281",".461",".321","0.782","0.180",".323","0","0","1","0","3",".333","27.1"
"Gorman, Nolan",669357,2023,23,406,464,52,17,0,27,148,53,31.9,11.4,".236",".478",".328","0.806","0.242",".296","2","7","3","1","2",".345","26.5"
"Benson, Will",666181,2023,25,287,329,45,15,8,11,103,40,31.3,12.2,".275",".498",".365","0.863","0.223",".391","3","19","1","0","1",".369","28.8"
"Rosario, Eguy",666703,2023,23,36,37,5,1,1,2,12,1,32.4,2.7,".250",".500",".270","0.770","0.250",".318","0","0","0","0","0",".322","28.3"
"Meckler, Wade",685133,2023,23,56,64,12,1,0,0,25,6,39.1,9.4,".232",".250",".328","0.578","0.018",".419","0","0","2","0","0",".273","29.4"
"Wade, Tyler",642180,2023,28,51,55,11,1,1,0,13,4,23.6,7.3,".255",".314",".309","0.623","0.059",".342","0","4","0","0","0",".278","28.9"
"Devers, Rafael",646240,2023,26,580,656,90,34,0,33,126,62,19.2,9.5,".271",".500",".351","0.851","0.229",".292","1","5","11","10","3",".359","26.0"
"Lawlar, Jordan",691783,2023,20,31,34,4,0,0,0,11,2,32.4,5.9,".129",".129",".206","0.335","0.000",".200","1","1","1","0","0",".166","30.0"
"Miller, Brad",543543,2023,33,56,67,7,4,0,1,11,10,16.4,14.9,".214",".339",".328","0.667","0.125",".244","0","0","0","0","1",".300","25.9"
"Davis, Jonathan",641505,2023,31,90,104,15,4,1,2,29,7,27.9,6.7,".244",".378",".307","0.685","0.134",".328","2","1","2","0","2",".298","28.9"
"Mendick, Danny",664901,2023,29,65,69,8,3,0,1,15,4,21.7,5.8,".185",".277",".232","0.509","0.092",".224","0","1","0","0","0",".226","25.6"
"Call, Alex",669743,2023,28,375,439,52,14,1,8,78,53,17.8,12.1,".200",".307",".307","0.614","0.107",".230","8","9","6","0","2",".280","28.8"
"Sosa, Lenyn",672820,2023,23,164,173,21,6,0,6,40,5,23.1,2.9,".201",".348",".224","0.572","0.147",".227","1","0","0","1","1",".241","27.6"
"Steer, Spencer",668715,2023,25,582,665,95,37,3,23,139,68,20.9,10.2,".271",".464",".356","0.820","0.193",".318","3","15","11","0","4",".355","28.4"
"Salazar, César",663967,2023,27,18,19,2,0,0,0,6,1,31.6,5.3,".111",".111",".158","0.269","0.000",".167","0","0","0","0","0",".130",
"Lopez, Irving",676761,2023,28,11,12,0,0,0,0,5,0,41.7,0,".000",".000",".000","0.000","0.000",".000","0","0","0","0","1",".000",
"Bemboom, Anthony",621532,2023,33,11,13,2,0,0,0,2,2,15.4,15.4,".182",".182",".308","0.490","0.000",".222","0","0","0","0","0",".243","25.8"
"Bregman, Alex",608324,2023,29,622,724,106,28,4,25,87,92,12,12.7,".262",".441",".363","0.804","0.179",".270","1","3","8","1","2",".351","26.3"
"Meyers, Jake",676694,2023,27,309,341,43,16,1,10,88,26,25.8,7.6,".227",".382",".296","0.678","0.155",".283","2","5","5","0","1",".297","29.2"
"Greene, Riley",682985,2023,22,378,416,75,19,4,11,114,35,27.4,8.4,".288",".447",".349","0.796","0.159",".384","0","7","1","0","2",".344","28.1"
"Kirk, Alejandro",672386,2023,24,372,422,69,16,0,8,45,42,10.7,10,".250",".358",".334","0.692","0.108",".265","0","0","6","1","2",".308","23.7"
"Blanco, Dairon",680118,2023,30,124,138,18,7,4,3,33,10,23.9,7.2,".258",".452",".324","0.776","0.194",".330","5","24","2","0","0",".333","30.3"
"Lowe, Josh",666139,2023,25,466,501,81,33,2,20,124,31,24.8,6.2,".292",".500",".335","0.835","0.208",".357","3","32","1","2","3",".354","28.7"
"Dubón, Mauricio",643289,2023,28,467,492,91,26,3,10,70,19,14.2,3.9,".278",".411",".309","0.720","0.133",".308","2","7","3","0","3",".311","28.1"
"Domínguez, Jasson",691176,2023,20,31,33,3,1,0,4,8,2,24.2,6.1,".258",".677",".303","0.980","0.419",".211","0","1","0","0","0",".403","28.3"
"Vientos, Mark",668901,2023,23,218,233,31,5,1,9,71,10,30.5,4.3,".211",".367",".253","0.620","0.156",".264","0","1","3","0","2",".267","26.3"
"Hummel, Cooper",669450,2023,28,23,26,1,1,0,0,9,2,34.6,7.7,".087",".130",".192","0.322","0.043",".143","0","1","1","0","0",".163","27.2"
"Happ, Ian",664023,2023,28,580,691,84,35,4,21,153,99,22.1,14.3,".248",".431",".360","0.791","0.183",".299","3","14","6","2","6",".345","27.7"
"Murphy, Tom",608596,2023,32,145,159,22,12,0,8,44,10,27.7,6.3,".290",".538",".335","0.873","0.248",".358","0","0","1","0","2",".367","26.0"
"Peralta, David",444482,2023,35,394,422,69,25,1,7,72,20,17.1,4.7,".259",".381",".294","0.675","0.122",".296","1","4","2","1","6",".290","27.0"
"Bohm, Alec",664761,2023,26,558,611,102,31,0,20,94,42,15.4,6.9,".274",".437",".327","0.764","0.163",".296","1","4","5","1","6",".329","26.6"
"Montero, Elehuris",660707,2023,24,284,307,41,15,2,11,111,15,36.2,4.9,".243",".426",".290","0.716","0.183",".352","0","0","5","0","3",".306","26.6"
"Stallings, Jacob",607732,2023,33,241,276,29,14,0,3,67,27,24.3,9.8,".191",".286",".278","0.564","0.095",".249","0","0","3","0","2",".256","23.6"
"Cruz, Oneil",665833,2023,24,32,40,6,1,0,1,8,7,20,17.5,".250",".375",".375","0.750","0.125",".292","0","3","0","0","1",".335","28.7"
"Villar, David",681584,2023,26,124,140,7,6,0,5,45,11,32.1,7.9,".145",".315",".236","0.551","0.170",".173","1","1","4","0","1",".244","25.9"
"Schanuel, Nolan",694384,2023,21,109,132,26,3,0,1,19,20,14.4,15.2,".275",".330",".402","0.732","0.055",".326","0","0","3","1","0",".336","26.8"
"Rivas III, Alfonso",663845,2023,26,109,123,11,10,1,3,36,9,29.3,7.3,".229",".422",".303","0.725","0.193",".310","0","1","3","0","1",".313","26.9"
"Vavra, Terrin",679631,2023,26,49,56,12,0,0,0,12,5,21.4,8.9,".245",".245",".315","0.560","0.000",".324","0","1","0","0","0",".261","27.9"
"Toro, Abraham",647351,2023,26,18,21,6,0,0,2,5,2,23.8,9.5,".444",".778",".524","1.302","0.334",".545","0","0","1","0","0",".544","26.9"
"Casas, Triston",671213,2023,23,429,502,66,21,2,24,126,70,25.1,13.9,".263",".490",".367","0.857","0.227",".317","0","0","1","2","2",".367","24.9"
"Edwards, Xavier",669364,2023,23,78,84,20,3,0,0,14,3,16.7,3.6,".295",".333",".329","0.662","0.038",".359","0","5","1","0","0",".295","28.2"
"Farmer, Kyle",571657,2023,32,336,369,59,14,2,11,86,23,23.3,6.2,".256",".408",".317","0.725","0.152",".311","4","2","8","0","2",".316","26.5"
"Peraza, Oswald",672724,2023,23,173,191,23,8,0,2,50,13,26.2,6.8,".191",".272",".267","0.539","0.081",".256","3","4","5","0","0",".246","28.7"
"Dixon, Brandon",641525,2023,31,79,86,10,4,0,2,31,1,36,1.2,".203",".329",".244","0.573","0.126",".292","0","1","4","0","2",".249","28.4"
"Vierling, Matt",663837,2023,26,479,530,89,21,5,10,112,44,21.1,8.3,".261",".388",".329","0.717","0.127",".321","6","6","5","1","1",".315","29.1"
"Adams, Riley",656180,2023,27,143,158,20,13,2,4,45,11,28.5,7,".273",".476",".331","0.807","0.203",".368","0","0","2","0","1",".344","26.2"
"Carroll, Corbin",682998,2023,22,565,645,96,30,10,25,125,57,19.4,8.8,".285",".506",".362","0.868","0.221",".325","5","54","13","1","4",".370","30.1"
"Wynns, Austin",642851,2023,32,130,145,20,6,0,1,39,9,26.9,6.2,".208",".277",".268","0.545","0.069",".286","0","1","2","0","1",".245","24.7"
"McCarthy, Jake",664983,2023,25,276,312,53,7,5,2,62,26,19.9,8.3,".243",".326",".318","0.644","0.083",".305","4","26","5","0","1",".289","30.0"
"Taylor, Chris",621035,2023,32,338,384,49,15,1,15,125,41,32.6,10.7,".237",".420",".326","0.746","0.183",".327","3","16","4","2","1",".323","28.3"
"Taylor, Tyrone",621438,2023,29,231,243,26,17,1,10,55,8,22.6,3.3,".234",".446",".267","0.713","0.212",".263","0","9","3","0","1",".302","28.8"
"Velázquez, Nelson",676369,2023,24,162,179,15,6,0,17,51,14,28.5,7.8,".235",".586",".302","0.888","0.351",".221","0","0","2","0","1",".369","27.2"
"Hamilton, David",666152,2023,25,33,39,2,2,0,0,10,6,25.6,15.4,".121",".182",".256","0.438","0.061",".174","1","2","0","0","0",".216","29.2"
"Piña, Manny",444489,2023,36,12,12,2,0,0,1,3,0,25,0,".250",".500",".250","0.750","0.250",".250","0","0","0","0","0",".314","24.0"
"Walker, Jordan",691023,2023,21,420,465,79,19,2,16,104,37,22.4,8,".276",".445",".342","0.787","0.169",".331","4","7","6","0","2",".341","28.5"
"Benintendi, Andrew",643217,2023,28,562,621,106,34,2,5,89,52,14.3,8.4,".262",".356",".326","0.682","0.094",".301","2","13","3","5","3",".299","27.3"
"Tatis Jr., Fernando",665487,2023,24,575,635,89,33,1,25,141,53,22.2,8.3,".257",".449",".322","0.771","0.192",".299","4","29","3","0","3",".332","29.3"
"Goodman, Hunter",696100,2023,23,70,77,6,4,3,1,24,5,31.2,6.5,".200",".386",".247","0.633","0.186",".277","0","1","0","0","2",".266","27.6"
"Hoerner, Nico",663538,2023,26,619,688,135,27,4,9,83,49,12.1,7.1,".283",".383",".346","0.729","0.100",".312","7","43","14","0","5",".322","28.5"
"Heim, Jonah",641680,2023,28,457,501,72,28,0,18,96,40,19.2,8,".258",".438",".317","0.755","0.180",".289","0","2","1","2","3",".324","25.8"
"Freeman, Freddie",518692,2023,33,637,730,121,59,2,29,121,72,16.6,9.9,".331",".567",".410","0.977","0.236",".370","1","23","16","12","5",".411","26.7"
"Horwitz, Spencer",687462,2023,25,39,44,7,2,0,1,12,4,27.3,9.1,".256",".385",".341","0.726","0.129",".346","0","0","1","0","0",".322","25.1"
"Cowser, Colton",681297,2023,23,61,77,5,2,0,0,22,13,28.6,16.9,".115",".148",".286","0.434","0.033",".175","0","1","2","0","1",".226","27.9"
"Marisnick, Jake",545350,2023,32,76,83,11,3,2,2,21,3,25.3,3.6,".237",".408",".280","0.688","0.171",".296","3","2","2","0","1",".294","28.8"
"Trammell, Taylor",666211,2023,25,46,56,3,0,0,3,22,9,39.3,16.1,".130",".326",".286","0.612","0.196",".143","1","0","1","0","0",".279","27.1"
"Rosario, Eddie",592696,2023,31,478,516,74,24,3,21,122,34,23.6,6.6,".255",".450",".305","0.755","0.195",".300","4","3","1","1","2",".322","28.0"
"Odor, Rougned",596059,2023,29,138,157,15,9,0,4,37,17,23.6,10.8,".203",".355",".299","0.654","0.152",".247","1","2","2","0","0",".291","26.8"
"Murphy, Sean",669221,2023,28,370,438,51,21,0,21,98,49,22.4,11.2,".251",".478",".365","0.843","0.227",".286","0","0","18","0","1",".366","26.0"
"Clement, Ernie",676391,2023,27,50,52,16,1,1,1,4,1,7.7,1.9,".380",".500",".385","0.885","0.120",".391","0","1","0","0","1",".378","28.4"
"Luciano, Marco",682617,2023,21,39,45,6,3,0,0,17,6,37.8,13.3,".231",".308",".333","0.641","0.077",".409","0","1","0","0","0",".293","27.1"
"Paredes, Isaac",670623,2023,24,492,571,68,24,0,31,104,58,18.2,10.2,".250",".488",".352","0.840","0.238",".257","0","1","20","0","1",".362","26.1"
"Araúz, Jonathan",660620,2023,24,59,66,5,0,0,3,18,5,27.3,7.6,".136",".288",".203","0.491","0.152",".132","0","0","0","0","0",".217","26.1"
"Canario, Alexander",672744,2023,23,17,17,2,1,1,1,8,0,47.1,0,".294",".647",".294","0.941","0.353",".500","0","0","0","0","0",".387","25.8"
"Chapman, Matt",656305,2023,30,509,581,64,39,2,17,165,62,28.4,10.7,".240",".424",".330","0.754","0.184",".319","2","4","8","1","2",".328","28.5"
"Alvarez, Francisco",682626,2023,21,382,423,43,12,0,25,110,34,26,8,".209",".437",".284","0.721","0.228",".222","0","2","6","0","1",".310","26.4"
"Altuve, Jose",514888,2023,33,360,410,72,21,2,17,71,44,17.3,10.7,".311",".522",".393","0.915","0.211",".348","2","14","5","0","1",".393","26.9"
"Tauchman, Mike",643565,2023,32,337,401,59,18,0,8,86,56,21.4,14,".252",".377",".362","0.739","0.125",".313","1","7","4","1","3",".330","27.3"
"Brosseau, Mike",670712,2023,29,73,78,9,2,0,4,20,4,25.6,5.1,".205",".397",".256","0.653","0.192",".224","0","0","1","0","0",".281","27.6"
"Zavala, Seby",664874,2023,29,175,193,19,4,0,7,70,12,36.3,6.2,".171",".314",".230","0.544","0.143",".230","0","1","2","0","2",".239","26.4"
"Miranda, Jose",669304,2023,25,142,152,23,4,0,3,24,9,15.8,5.9,".211",".303",".263","0.566","0.092",".235","0","0","1","0","0",".252","26.6"
"Yoshida, Masataka",807799,2023,29,537,580,104,33,3,15,81,34,14,5.9,".289",".445",".338","0.783","0.156",".316","0","8","7","0","2",".339","26.2"
"Lopez, Nicky",670032,2023,28,225,262,40,8,3,1,40,26,15.3,9.9,".231",".307",".326","0.633","0.076",".276","2","6","6","0","1",".288","27.7"
"Bauers, Jake",641343,2023,27,242,272,22,15,0,12,95,27,34.9,9.9,".202",".413",".279","0.692","0.211",".268","2","3","0","0","3",".297","27.3"
"Hicks, Aaron",543305,2023,33,269,312,50,9,1,8,69,42,22.1,13.5,".253",".383",".353","0.736","0.130",".311","0","6","0","1","1",".326","27.3"
"Velazquez, Andrew",623205,2023,28,81,94,9,3,0,2,30,10,31.9,10.6,".173",".284",".264","0.548","0.111",".245","3","13","0","0","0",".249","28.4"
"Delay, Jason",641511,2023,28,167,187,29,11,1,1,44,14,23.5,7.5,".251",".347",".319","0.666","0.096",".333","0","0","3","0","1",".296","26.4"
"Slater, Austin",596103,2023,30,185,207,36,9,0,5,58,20,28,9.7,".270",".400",".348","0.748","0.130",".369","2","2","2","0","0",".330","27.7"
"Judge, Aaron",592450,2023,31,367,458,45,16,0,37,130,88,28.4,19.2,".267",".613",".406","1.019","0.346",".300","1","3","0","9","3",".420","26.7"
"Thaiss, Matt",642136,2023,28,262,307,41,6,0,9,83,36,27,11.7,".214",".340",".319","0.659","0.126",".272","0","2","6","1","3",".295","24.7"
"Winker, Jesse",608385,2023,29,166,197,27,5,0,1,51,26,25.9,13.2,".199",".247",".320","0.567","0.048",".278","0","0","4","0","1",".269","23.5"
"Fortes, Nick",663743,2023,26,294,323,44,10,0,6,59,17,18.3,5.3,".204",".299",".263","0.562","0.095",".234","2","4","7","0","2",".251","27.6"
"Fitzgerald, Tyler",666149,2023,25,32,34,3,2,0,2,10,2,29.4,5.9,".219",".469",".265","0.734","0.250",".250","0","2","0","0","0",".310","30.1"
"Thomas, Lane",657041,2023,27,628,682,101,36,3,28,176,36,25.8,5.3,".268",".468",".315","0.783","0.200",".325","5","20","11","0","7",".334","29.3"
"Singleton, Jon",572138,2023,31,91,105,10,3,0,2,23,13,21.9,12.4,".165",".264",".267","0.531","0.099",".194","0","0","0","0","1",".244","26.0"
"Valdez, Enmanuel",665839,2023,24,139,149,23,8,0,6,37,8,24.8,5.4,".266",".453",".311","0.764","0.187",".323","1","5","1","0","0",".328","26.4"
"Jankowski, Travis",608671,2023,32,247,287,51,12,1,1,42,35,14.6,12.2,".263",".332",".357","0.689","0.069",".311","1","19","2","0","2",".312","29.0"
"Peña, Jeremy",665161,2023,25,577,634,107,32,3,10,129,43,20.3,6.8,".263",".381",".324","0.705","0.118",".323","9","13","9","1","1",".310","29.4"
"Wallner, Matt",670242,2023,25,213,254,27,11,1,14,80,28,31.5,11,".249",".507",".370","0.877","0.258",".328","1","2","13","1","0",".377","28.0"
"Yelich, Christian",592885,2023,31,550,632,99,34,1,19,140,78,22.2,12.3,".278",".447",".370","0.817","0.169",".342","3","28","3","7","1",".353","28.1"
"Ortiz, Joey",687401,2023,24,33,34,6,1,0,0,9,0,26.5,0,".212",".242",".206","0.448","0.030",".280","0","0","0","0","1",".192","28.1"
"Carpenter, Matt",572761,2023,37,188,237,16,12,0,5,67,41,28.3,17.3,".176",".319",".322","0.641","0.143",".231","0","1","2","0","5",".293","25.3"
"Tucker, Kyle",663656,2023,26,574,674,92,37,5,29,92,80,13.6,11.9,".284",".517",".369","0.886","0.233",".289","5","30","3","9","10",".372","26.6"
"Locastro, Tim",641796,2023,30,56,67,8,3,0,2,22,3,32.8,4.5,".232",".393",".338","0.731","0.161",".344","0","6","6","0","0",".327","29.2"
"McCormick, Chas",676801,2023,28,403,457,69,17,2,22,117,40,25.6,8.8,".273",".489",".353","0.842","0.216",".331","6","19","11","0","2",".362","28.2"
"Harris II, Michael",671739,2023,22,505,539,94,33,3,18,101,25,18.7,4.6,".293",".477",".331","0.808","0.184",".334","4","20","5","1","3",".345","28.8"
"Canzone, Dominic",686527,2023,25,173,182,19,13,0,6,32,8,17.6,4.4,".220",".399",".258","0.657","0.179",".237","0","1","1","0","0",".282","26.7"
"Gonzalez, Romy",663853,2023,26,93,97,9,4,2,3,36,2,37.1,2.1,".194",".376",".208","0.584","0.182",".273","0","7","0","0","1",".244","29.3"
"Gordon, Nick",624503,2023,27,91,93,8,5,1,2,11,1,11.8,1.1,".176",".319",".185","0.504","0.143",".179","0","0","0","0","0",".213","27.4"
"Maldonado, Martín",455117,2023,36,362,407,42,12,0,15,139,30,34.2,7.4,".191",".348",".258","0.606","0.157",".260","0","0","3","0","0",".266","23.2"
"Carpenter, Kerry",681481,2023,25,418,459,77,17,2,20,115,32,25.1,7,".278",".471",".340","0.811","0.193",".338","0","6","8","3","1",".347","28.1"
"Trevino, Jose",624431,2023,30,157,168,25,4,0,4,22,8,13.1,4.8,".210",".312",".257","0.569","0.102",".221","0","0","2","0","0",".252","24.4"
"Ohtani, Shohei",660271,2023,28,497,599,73,26,8,44,143,91,23.9,15.2,".304",".654",".412","1.066","0.350",".342","6","20","3","21","3",".433","27.8"
"Díaz, Isan",656371,2023,27,24,26,1,0,0,0,9,2,34.6,7.7,".042",".042",".115","0.157","0.000",".067","0","0","0","0","0",".087","22.0"
"Calhoun, Kole",594777,2023,35,157,174,21,7,0,6,37,13,21.3,7.5,".217",".376",".282","0.658","0.159",".241","1","0","2","0","2",".286","25.0"
"McKinstry, Zach",656716,2023,28,464,518,73,21,4,9,113,44,21.8,8.5,".231",".351",".302","0.653","0.120",".284","6","16","5","0","3",".289","28.5"
"Buxton, Byron",621439,2023,29,304,347,28,17,1,17,109,35,31.4,10.1,".207",".438",".294","0.732","0.231",".253","0","9","4","2","4",".311","29.3"
"Taylor, Michael A.",572191,2023,32,355,388,42,14,1,21,130,26,33.5,6.7,".220",".442",".278","0.720","0.222",".278","1","13","3","0","1",".308","28.7"
"Straw, Myles",664702,2023,28,462,518,88,18,3,1,97,42,18.7,8.1,".238",".297",".301","0.598","0.059",".295","6","20","2","0","6",".268","29.2"
"Lipcius, Andre",686531,2023,25,35,38,8,1,0,1,8,3,21.1,7.9,".286",".400",".342","0.742","0.114",".346","0","0","0","0","0",".326","25.0"
"Huff, Sam",669087,2023,25,43,45,6,2,0,3,17,2,37.8,4.4,".256",".512",".289","0.801","0.256",".348","0","0","0","0","0",".337","26.2"
"Millas, Drew",686452,2023,25,28,33,5,2,0,1,5,4,15.2,12.1,".286",".464",".375","0.839","0.178",".318","0","0","0","0","0",".365","28.5"
"Fletcher, David",664058,2023,29,89,97,19,1,0,2,9,7,9.3,7.2,".247",".326",".302","0.628","0.079",".256","0","0","0","1","0",".276","26.2"
"Madris, Bligh",676632,2023,27,26,30,3,1,0,0,7,4,23.3,13.3,".154",".192",".267","0.459","0.038",".211","0","0","0","0","0",".222","26.1"
"DeLuca, Jonny",676356,2023,24,42,45,8,1,0,2,8,3,17.8,6.7,".262",".429",".311","0.740","0.167",".281","0","1","0","0","0",".320","29.7"
"Hays, Austin",669720,2023,27,520,566,89,36,2,16,141,38,24.9,6.7,".275",".444",".325","0.769","0.169",".345","1","5","3","1","5",".330","27.4"
"Ramos, Henry",592656,2023,31,74,86,14,3,1,0,21,11,24.4,12.8,".243",".311",".349","0.660","0.068",".340","1","2","1","0","0",".303","27.0"
"Arias, Gabriel",672356,2023,23,315,345,41,15,0,10,113,28,32.8,8.1,".210",".352",".275","0.627","0.142",".290","4","3","1","0","1",".276","28.0"
"Kjerstad, Heston",677008,2023,24,30,33,4,1,0,2,10,2,30.3,6.1,".233",".467",".281","0.748","0.234",".278","0","0","0","0","0",".318","27.9"
"Grichuk, Randal",545341,2023,31,434,471,67,31,2,16,96,29,20.4,6.2,".267",".459",".321","0.780","0.192",".309","2","2","6","2","2",".333","27.4"
"Senzel, Nick",669222,2023,28,301,330,48,10,0,13,74,26,22.4,7.9,".236",".399",".297","0.696","0.163",".269","2","6","1","0","2",".302","28.3"
"Frazier, Adam",624428,2023,31,412,455,63,21,2,13,68,32,14.9,7,".240",".396",".300","0.696","0.156",".258","4","11","4","0","2",".302","26.5"
"Kreidler, Ryan",668952,2023,25,18,18,2,0,0,0,7,0,38.9,0,".111",".111",".111","0.222","0.000",".182","0","0","0","0","0",".098","27.8"
"Motter, Taylor",600301,2023,33,76,82,10,3,0,0,31,5,37.8,6.1,".171",".211",".232","0.443","0.040",".289","0","0","1","0","0",".204","26.5"
"Sánchez, Gary",596142,2023,30,240,267,24,9,0,19,67,21,25.1,7.9,".217",".492",".288","0.780","0.275",".212","0","0","4","0","2",".329","24.9"
"Urías, Luis",649966,2023,26,144,177,19,6,0,3,41,21,23.2,11.9,".194",".299",".337","0.636","0.105",".250","0","0","10","0","0",".298","26.0"
"Joe, Connor",656582,2023,30,413,472,56,31,4,11,110,50,23.3,10.6,".247",".421",".339","0.760","0.174",".311","5","3","8","0","1",".332","27.1"
"Soler, Jorge",624585,2023,31,504,580,66,24,0,36,141,66,24.3,11.4,".250",".512",".341","0.853","0.262",".272","0","1","6","4","4",".361","26.6"
"Barnes, Austin",605131,2023,33,178,200,25,5,0,2,43,17,21.5,8.5,".180",".242",".256","0.498","0.062",".222","1","2","2","0","2",".229","26.5"
"Seager, Corey",608369,2023,29,477,536,81,42,0,33,88,49,16.4,9.1,".327",".623",".390","1.013","0.296",".340","1","2","4","9","6",".419","26.2"
"Goldschmidt, Paul",502671,2023,35,593,687,103,31,0,25,161,87,23.4,12.7,".268",".447",".363","0.810","0.179",".327","2","11","3","6","3",".350","26.4"
"Perez, Salvador",521692,2023,33,538,580,93,21,0,23,135,19,23.3,3.3,".255",".422",".292","0.714","0.167",".294","0","0","13","6","8",".302","24.3"
"Colás, Oscar",693049,2023,24,245,263,39,9,0,5,71,12,27,4.6,".216",".314",".257","0.571","0.098",".281","3","4","2","1","2",".249","27.0"
"Rutherford, Blake",666164,2023,26,35,36,6,0,0,0,10,1,27.8,2.8,".171",".171",".194","0.365","0.000",".240","0","0","0","0","0",".166","27.2"
"Turang, Brice",668930,2023,23,404,448,70,9,3,6,94,38,21,8.5,".218",".300",".285","0.585","0.082",".268","4","26","1","1","2",".262","29.4"
"Reynolds, Bryan",668804,2023,28,574,640,91,31,5,24,138,53,21.6,8.3,".263",".460",".330","0.790","0.197",".304","1","12","7","2","6",".338","27.8"
"Schoop, Jonathan",570731,2023,31,136,151,21,8,0,0,37,13,24.5,8.6,".213",".272",".278","0.550","0.059",".287","0","0","0","0","2",".249","26.9"
"Kim, Ha-Seong",673490,2023,27,538,626,100,23,0,17,124,75,19.8,12,".260",".398",".351","0.749","0.138",".306","9","38","3","1","5",".330","28.5"
"Grisham, Trent",663757,2023,26,469,555,48,31,1,13,154,75,27.7,13.5,".198",".352",".315","0.667","0.154",".264","3","15","5","0","1",".299","27.7"
"Bae, Ji Hwan",678225,2023,23,334,371,56,17,2,2,92,30,24.8,8.1,".231",".311",".296","0.607","0.080",".310","9","24","2","0","2",".272","29.7"
"Contreras, Willson",575929,2023,31,428,495,66,27,0,20,111,51,22.4,10.3,".264",".467",".358","0.825","0.203",".311","3","6","13","0","2",".358","26.7"
"Maile, Luke",571912,2023,32,179,199,26,10,0,6,49,14,24.6,7,".235",".391",".308","0.699","0.156",".290","1","2","5","0","0",".307","26.0"
"Trejo, Alan",676701,2023,27,207,227,33,11,0,4,51,16,22.5,7,".232",".343",".288","0.631","0.111",".286","1","5","1","0","2",".277","26.4"
"Williams, Alika",675961,2023,24,101,112,15,5,0,0,35,9,31.3,8,".198",".248",".270","0.518","0.050",".303","0","0","1","0","0",".238","28.2"
"Langeliers, Shea",669127,2023,25,448,490,47,19,4,22,143,34,29.2,6.9,".205",".413",".268","0.681","0.208",".246","2","3","5","2","2",".290","28.4"
"Robert Jr., Luis",673357,2023,25,546,595,69,36,1,38,172,30,28.9,5,".264",".542",".315","0.857","0.278",".314","4","20","12","5","2",".358","28.7"
"Berti, Jon",542932,2023,33,388,424,88,16,3,7,77,29,18.2,6.8,".294",".405",".344","0.749","0.111",".349","6","16","2","2","3",".325","29.3"
"Grossman, Robbie",543257,2023,33,353,420,50,23,1,10,98,57,23.3,13.6,".238",".394",".340","0.734","0.156",".292","0","1","2","0","8",".323","27.8"
"García, Avisaíl",541645,2023,32,108,118,13,3,1,3,39,6,33.1,5.1,".185",".315",".241","0.556","0.130",".258","0","2","2","1","0",".241","28.3"
"Verdugo, Alex",657077,2023,27,546,602,89,37,5,13,93,45,15.4,7.5,".264",".421",".324","0.745","0.157",".294","3","5","6","1","5",".322","27.3"
"Giménez, Andrés",665926,2023,24,557,616,93,27,5,15,112,32,18.2,5.2,".251",".399",".314","0.713","0.148",".289","6","30","20","3","3",".309","29.2"
"Ward, Taylor",621493,2023,29,356,409,58,18,0,14,80,39,19.6,9.5,".253",".421",".335","0.756","0.168",".284","2","4","8","0","6",".329","28.0"
"Morel, Christopher",666624,2023,24,388,429,50,17,3,26,133,36,31,8.4,".247",".508",".313","0.821","0.261",".303","2","6","2","0","2",".347","28.6"
"Kessinger, Grae",666197,2023,25,40,45,5,2,0,1,12,5,26.7,11.1,".200",".325",".289","0.614","0.125",".259","1","0","0","0","0",".275","26.6"
"Gamel, Ben",592325,2023,31,15,15,2,1,0,0,2,0,13.3,0,".200",".267",".200","0.467","0.067",".231","0","0","0","0","0",".201","27.6"
"Butler, Lawrence",671732,2023,22,123,129,18,4,0,4,35,4,27.1,3.1,".211",".341",".240","0.581","0.130",".259","0","0","1","0","1",".251","27.4"
"Walls, Taylor",670764,2023,26,303,349,39,12,2,8,92,44,26.4,12.6,".201",".333",".305","0.638","0.132",".261","1","22","1","0","0",".287","28.2"
"Fraley, Jake",641584,2023,28,336,380,53,18,0,15,71,37,18.7,9.7,".256",".443",".339","0.782","0.187",".283","5","21","6","2","1",".338","28.0"
"Tucker, Cole",657061,2023,26,8,10,4,0,0,0,2,1,20,10,".500",".500",".600","1.100","0.000",".667","0","0","1","0","0",".495","28.3"
"Knizner, Andrew",668800,2023,28,224,241,33,11,0,10,62,12,25.7,5,".241",".424",".287","0.711","0.183",".288","0","2","3","0","1",".306","25.9"
"Stevenson, Cal",670276,2023,26,9,12,0,0,0,0,2,3,16.7,25,".000",".000",".250","0.250","0.000",".000","0","0","0","0","0",".174","26.2"
"Cronenworth, Jake",630105,2023,29,458,522,64,24,7,10,97,46,18.6,8.8,".229",".378",".312","0.690","0.149",".267","1","6","11","2","5",".301","28.3"
"Sosa, Edmundo",624641,2023,27,279,300,43,15,2,10,74,8,24.7,2.7,".251",".427",".293","0.720","0.176",".306","2","4","9","0","1",".309","29.2"
"France, Ty",664034,2023,28,587,665,103,32,0,12,117,43,17.6,6.5,".250",".366",".337","0.703","0.116",".294","0","1","34","0","1",".315","25.0"
"Urshela, Gio",570482,2023,31,214,228,53,8,1,2,36,10,15.8,4.4,".299",".374",".329","0.703","0.075",".346","2","3","1","0","3",".307","26.2"
"Thomas, Cody",642137,2023,28,42,46,6,3,0,1,17,4,37,8.7,".238",".381",".304","0.685","0.143",".375","0","0","0","0","0",".300","28.3"
"Bouchard, Sean",656248,2023,27,38,43,6,2,0,4,14,4,32.6,9.3,".316",".684",".372","1.056","0.368",".381","1","0","0","0","1",".432","27.3"
"Varsho, Daulton",662139,2023,26,527,581,70,23,3,20,135,45,23.2,7.7,".220",".389",".285","0.674","0.169",".256","7","16","4","0","3",".293","28.1"
"Stott, Bryson",681082,2023,25,585,640,115,32,2,15,100,39,15.6,6.1,".280",".419",".329","0.748","0.139",".312","3","31","7","1","8",".323","28.8"
"Walker, Christian",572233,2023,32,582,661,79,36,2,33,127,62,19.2,9.4,".258",".497",".333","0.830","0.239",".272","0","11","8","3","8",".351","26.4"
"Vargas, Ildemaro",545121,2023,31,262,286,47,13,2,4,20,19,7,6.6,".252",".363",".304","0.667","0.111",".259","1","1","1","0","1",".292","27.0"
"Crawford, Brandon",543063,2023,36,283,320,36,11,1,7,81,28,25.3,8.8,".194",".314",".273","0.587","0.120",".241","0","3","4","1","4",".260","25.8"
"Ramos, Heliot",671218,2023,23,56,60,5,4,0,1,20,4,33.3,6.7,".179",".304",".233","0.537","0.125",".257","0","0","0","0","0",".236","26.9"
"Tellez, Rowdy",642133,2023,28,311,351,44,9,1,13,86,35,24.5,10,".215",".376",".291","0.667","0.161",".249","0","0","0","2","5",".288","23.5"
"Busch, Michael",683737,2023,25,72,81,7,3,0,2,27,8,33.3,9.9,".167",".292",".247","0.539","0.125",".227","0","1","0","0","1",".241","26.9"
"Longoria, Evan",446334,2023,37,211,237,27,9,0,11,73,23,30.8,9.7,".223",".422",".295","0.717","0.199",".277","0","0","0","0","3",".308","26.2"
"Owings, Chris",572008,2023,31,25,25,4,0,0,0,12,0,48,0,".160",".160",".160","0.320","0.000",".308","0","0","0","0","0",".141","26.8"
"Andujar, Miguel",609280,2023,28,84,90,10,7,0,4,13,6,14.4,6.7,".250",".476",".300","0.776","0.226",".254","0","2","0","0","0",".330","27.7"
"Meadows, Austin",640457,2023,28,21,21,4,1,0,0,3,0,14.3,0,".238",".286",".238","0.524","0.048",".278","0","0","0","0","0",".227","26.0"
"Ruiz, Keibert",660688,2023,24,523,562,94,24,0,18,58,31,10.3,5.5,".260",".409",".308","0.717","0.149",".263","1","1","6","1","2",".310","25.1"
"García, Adolis",666969,2023,30,555,632,68,29,0,39,175,65,27.7,10.3,".245",".508",".328","0.836","0.263",".280","1","9","6","0","6",".354","27.3"
"Realmuto, J.T.",592663,2023,32,489,540,70,28,5,20,138,35,25.6,6.5,".252",".452",".310","0.762","0.200",".307","5","16","9","3","5",".324","28.6"
"Wong, Kolten",543939,2023,32,224,250,31,6,0,4,53,18,21.2,7.2,".183",".263",".256","0.519","0.080",".218","2","3","5","0","3",".236","26.7"
"Brennan, Will",686823,2023,25,432,455,86,24,0,5,57,16,12.5,3.5,".266",".356",".299","0.655","0.090",".296","5","13","5","2","2",".285","28.3"
"Donovan, Brendan",680977,2023,26,327,371,71,10,1,11,53,33,14.3,8.9,".284",".422",".365","0.787","0.138",".311","1","5","9","2","1",".345","27.1"
"Guthrie, Dalton",656495,2023,27,24,28,3,1,0,0,7,3,25,10.7,".167",".208",".286","0.494","0.041",".235","0","0","1","0","0",".239","28.6"
"Taylor, Samad",669392,2023,24,60,69,9,2,1,0,22,7,31.9,10.1,".200",".267",".279","0.546","0.067",".308","0","8","0","0","1",".248","29.1"
"Voit III, Luke",572228,2023,32,68,74,12,3,0,0,27,4,36.5,5.4,".221",".265",".284","0.549","0.044",".366","0","2","2","0","0",".251","24.9"
"Stubbs, Garrett",596117,2023,30,113,125,17,4,1,1,29,9,23.2,7.2,".204",".283",".274","0.557","0.079",".265","0","2","2","0","0",".252","28.1"
"Triolo, Jared",669707,2023,25,181,209,42,9,0,3,63,24,30.1,11.5,".298",".398",".388","0.786","0.100",".440","1","6","3","0","1",".350","28.4"
"Calhoun, Willie",641432,2023,28,134,149,20,7,0,5,20,14,13.4,9.4,".239",".403",".309","0.712","0.164",".245","0","0","0","1","1",".307","25.1"
"Donaldson, Josh",518626,2023,37,165,189,7,5,0,13,50,22,26.5,11.6,".152",".418",".249","0.667","0.266",".115","0","0","0","0","2",".284","24.9"
"Tapia, Raimel",606132,2023,29,148,169,27,4,1,3,40,17,23.7,10.1,".236",".338",".317","0.655","0.102",".302","2","10","1","0","1",".293","28.7"
"Kemp, Tony",643393,2023,31,359,419,54,13,3,5,40,44,9.5,10.5,".209",".304",".303","0.607","0.095",".221","4","15","6","0","3",".276","26.2"
"Nola, Austin",543592,2023,33,130,154,15,3,0,1,31,18,20.1,11.7,".146",".192",".260","0.452","0.046",".184","0","0","2","0","0",".220","26.2"
"Flores, Wilmer",527038,2023,31,405,454,70,22,0,23,63,41,13.9,9,".284",".509",".355","0.864","0.225",".286","0","0","5","1","3",".368","24.4"
"Frazier, Clint",640449,2023,28,66,76,11,1,1,0,23,10,30.3,13.2,".197",".242",".303","0.545","0.045",".302","2","4","0","0","0",".256","27.7"
"Mercado, Óscar",640458,2023,28,31,32,6,3,0,0,4,1,12.5,3.1,".290",".387",".313","0.700","0.097",".333","1","2","0","0","0",".304","28.0"
"Haase, Eric",606992,2023,30,274,293,42,8,1,4,81,17,27.6,5.8,".201",".281",".247","0.528","0.080",".268","1","4","0","1","1",".233","28.0"
"Soto, Livan",670869,2023,23,9,12,2,0,0,0,2,3,16.7,25,".222",".222",".417","0.639","0.000",".286","0","0","0","0","0",".321",
"Walsh, Jared",665120,2023,29,104,116,5,4,0,4,45,11,38.8,9.5,".125",".279",".216","0.495","0.154",".164","0","0","1","0","0",".222","26.2"
"Waters, Drew",671221,2023,24,302,337,45,11,5,8,107,27,31.8,8,".228",".377",".300","0.677","0.149",".321","5","16","5","0","3",".296","28.7"
"Almonte, Abraham",501659,2023,34,15,16,0,1,0,0,8,1,50,6.3,".067",".133",".125","0.258","0.066",".143","0","0","0","0","0",".121","26.5"
"Brantley Jr., Michael",488726,2023,36,54,57,11,2,0,2,2,2,3.5,3.5,".278",".426",".298","0.724","0.148",".255","0","0","0","0","1",".309","25.4"
"Reyes, Pablo",622569,2023,29,167,185,37,9,0,2,21,14,11.4,7.6,".287",".377",".339","0.716","0.090",".315","2","7","0","0","2",".315","27.9"
"Amaya, Miguel",665804,2023,24,131,156,19,4,0,5,40,12,25.6,7.7,".214",".359",".329","0.688","0.145",".264","0","0","11","0","1",".310","26.0"
"Ruiz, Esteury",665923,2023,24,449,497,84,24,1,5,99,20,19.9,4,".254",".345",".309","0.654","0.091",".315","13","67","16","1","1",".290","29.6"
"Rojas, Miguel",500743,2023,34,385,423,69,16,1,5,48,26,11.3,6.1,".236",".322",".290","0.612","0.086",".255","3","8","5","0","5",".271","26.4"
"Alonso, Pete",624413,2023,28,568,658,54,21,2,46,151,65,22.9,9.9,".217",".504",".318","0.822","0.287",".205","1","4","21","6","4",".346","26.0"
"Guillorme, Luis",641645,2023,28,107,120,16,6,1,1,28,10,23.3,8.3,".224",".327",".288","0.615","0.103",".291","0","0","0","1","1",".269","25.5"
"Tovar, Ezequiel",678662,2023,21,581,615,91,37,4,15,166,25,27,4.1,".253",".408",".287","0.695","0.155",".328","5","11","4","0","3",".298","28.1"
"Hayes, Ke'Bryan",663647,2023,26,494,525,81,31,7,15,104,28,19.8,5.3,".271",".453",".309","0.762","0.182",".315","6","10","0","1","3",".324","27.1"
"Chang, Yu",644374,2023,27,105,112,9,2,0,6,34,3,30.4,2.7,".162",".352",".200","0.552","0.190",".169","0","4","2","0","0",".236","28.2"
"Madrigal, Nick",663611,2023,26,270,294,52,16,1,2,24,10,8.2,3.4,".263",".352",".311","0.663","0.089",".283","2","10","9","0","0",".294","28.0"
"Bellinger, Cody",641355,2023,27,499,556,97,29,1,26,87,40,15.6,7.2,".307",".525",".356","0.881","0.218",".319","6","20","5","3","12",".370","28.3"
"Hernández, Yonny",660634,2023,25,22,27,2,1,0,0,8,2,29.6,7.4,".136",".182",".231","0.413","0.046",".200","0","0","1","0","1",".197","25.6"
"Profar, Jurickson",595777,2023,30,459,521,73,27,2,9,90,50,17.3,9.6,".242",".368",".321","0.689","0.126",".279","0","1","6","0","5",".304","25.6"
"Suárez, Eugenio",553993,2023,31,598,694,88,29,0,22,214,70,30.8,10.1,".232",".391",".323","0.714","0.159",".314","1","2","15","0","11",".313","26.4"
"Kiermaier, Kevin",595281,2023,33,370,408,63,21,6,8,86,29,21.1,7.1,".265",".419",".322","0.741","0.154",".321","1","14","4","0","4",".320","28.8"
"Mead, Curtis",678554,2023,22,83,92,16,3,1,1,21,7,22.8,7.6,".253",".349",".326","0.675","0.096",".328","0","0","2","0","0",".302","26.7"
"Díaz, Elias",553869,2023,32,486,526,90,25,1,14,118,34,22.4,6.5,".267",".409",".316","0.725","0.142",".324","0","1","2","0","4",".314","25.0"
"Moustakas, Mike",519058,2023,34,352,386,60,15,0,12,95,23,24.6,6,".247",".392",".293","0.685","0.145",".296","0","0","3","1","8",".294","25.2"
"Mathias, Mark",664029,2023,28,62,72,12,2,0,0,15,10,20.8,13.9,".226",".258",".333","0.591","0.032",".298","0","3","0","0","0",".278","27.6"
"García, Luis",671277,2023,23,447,482,88,18,4,9,60,27,12.4,5.6,".266",".385",".304","0.689","0.119",".286","4","9","0","1","7",".297","27.2"
"Franco, Wander",677551,2023,22,442,491,78,23,6,17,69,42,14.1,8.6,".281",".475",".344","0.819","0.194",".297","10","30","3","3","4",".349","27.5"
"Cabrera, Miguel",408234,2023,40,334,370,62,20,0,4,74,31,20,8.4,".257",".353",".322","0.675","0.096",".317","0","0","2","0","3",".299","23.1"
"White, Eli",642201,2023,29,14,17,1,0,0,0,7,2,41.2,11.8,".071",".071",".235","0.306","0.000",".143","0","0","1","0","0",".176",
"Marte, Noelvi",682622,2023,21,114,123,26,7,0,3,25,8,20.3,6.5,".316",".456",".366","0.822","0.140",".384","2","6","1","0","0",".357","29.1"
"Torkelson, Spencer",679529,2023,23,606,684,75,34,1,31,171,67,25,9.8,".233",".446",".313","0.759","0.213",".269","0","3","6","1","5",".326","27.4"
"Acuña Jr., Ronald",660670,2023,25,643,735,137,35,4,41,84,80,11.4,10.9,".337",".596",".416","1.012","0.259",".338","14","73","9","3","3",".428","28.0"
"Allen, Nick",669397,2023,24,303,329,57,4,2,4,52,17,15.8,5.2,".221",".287",".263","0.550","0.066",".253","1","5","1","0","2",".245","27.9"
"Smith, Will",669257,2023,28,464,554,79,21,2,19,89,63,16.1,11.4,".261",".438",".359","0.797","0.177",".277","0","3","15","2","12",".345","27.2"
"Pillar, Kevin",607680,2023,34,197,206,26,10,0,9,50,6,24.3,2.9,".228",".416",".248","0.664","0.188",".255","1","4","0","0","3",".280","28.2"
"Nevin, Tyler",663527,2023,26,95,111,13,3,1,2,25,12,22.5,10.8,".200",".316",".306","0.622","0.116",".246","1","0","3","0","1",".282","25.7"
"Báez, Javier",595879,2023,30,510,547,82,18,4,9,125,24,22.9,4.4,".222",".325",".267","0.592","0.103",".274","0","12","9","0","3",".261","28.1"
"Rodgers, Brendan",663898,2023,26,178,192,32,9,1,4,41,11,21.4,5.7,".258",".388",".313","0.701","0.130",".316","0","0","3","0","0",".307","26.3"
"Marte, Ketel",606466,2023,29,569,650,97,26,9,25,109,71,16.8,10.9,".276",".485",".358","0.843","0.209",".300","2","8","5","2","5",".361","27.7"
"Wells, Austin",669224,2023,23,70,75,6,6,0,4,14,3,18.7,4,".229",".486",".257","0.743","0.257",".226","0","0","0","0","1",".309","26.7"
"McMahon, Ryan",641857,2023,28,555,627,76,31,3,23,198,68,31.6,10.8,".240",".431",".322","0.753","0.191",".326","5","5","1","2","3",".325","25.8"
"Dalbec, Bobby",666915,2023,28,49,53,7,2,0,1,28,4,52.8,7.5,".204",".306",".264","0.570","0.102",".450","0","1","0","0","0",".254","28.1"
"Abreu, Wilyer",677800,2023,24,76,85,16,6,0,2,23,9,27.1,10.6,".316",".474",".388","0.862","0.158",".431","1","3","0","0","0",".375","26.7"
"Marsh, Brandon",669016,2023,25,404,472,69,25,6,12,144,59,30.5,12.5,".277",".458",".372","0.830","0.181",".397","2","10","4","2","4",".358","28.6"
"Wall, Forrest",657088,2023,27,13,15,3,2,0,1,4,2,26.7,13.3,".462",".846",".533","1.379","0.384",".625","1","5","0","0","0",".569","28.2"
"Arcia, Orlando",606115,2023,28,488,533,87,25,0,17,102,39,19.1,7.3,".264",".420",".321","0.741","0.156",".301","0","1","3","0","3",".321","25.9"
"Renfroe, Hunter",592669,2023,31,498,548,65,31,0,20,125,44,22.8,8,".233",".416",".297","0.713","0.183",".270","0","0","3","0","3",".308","26.8"
"Chavis, Michael",656308,2023,27,91,96,17,3,0,2,33,5,34.4,5.2,".242",".341",".281","0.622","0.099",".357","0","1","0","0","0",".273","28.7"
"Suzuki, Seiya",673548,2023,28,515,583,90,31,6,20,130,59,22.3,10.1,".285",".485",".357","0.842","0.200",".341","7","6","2","3","7",".358","28.5"
"Julien, Edouard",666397,2023,24,338,408,56,16,1,16,128,64,31.4,15.7,".263",".459",".381","0.840","0.196",".371","0","3","2","0","3",".366","27.0"
"O'Hoppe, Logan",681351,2023,23,182,199,23,6,0,14,48,14,24.1,7,".236",".500",".296","0.796","0.264",".240","1","0","2","0","1",".337","27.9"
"Allen, Greg",656185,2023,30,23,28,2,1,1,1,10,2,35.7,7.1,".217",".478",".333","0.811","0.261",".333","1","3","2","0","0",".349","27.0"
"Jones, Nolan",666134,2023,25,367,424,63,22,4,20,126,53,29.7,12.5,".297",".542",".389","0.931","0.245",".401","4","20","3","3","1",".395","28.4"
"Reyes, Franmil",614177,2023,27,59,65,9,0,0,2,24,4,36.9,6.2,".186",".288",".231","0.519","0.102",".257","0","0","0","0","2",".227","26.5"
"Hall, Darick",669742,2023,27,54,56,7,1,0,1,18,2,32.1,3.6,".167",".241",".196","0.437","0.074",".229","0","0","0","0","0",".193","24.0"
"Santana, Carlos",467793,2023,37,550,619,75,33,1,23,104,65,16.8,10.5,".240",".429",".318","0.747","0.189",".255","0","6","0","0","4",".323","25.9"
"Margot, Manuel",622534,2023,28,311,336,56,21,1,4,55,18,16.4,5.4,".264",".376",".310","0.686","0.112",".306","3","9","4","0","3",".299","28.3"
"Basabe, Osleivis",678545,2023,22,87,94,13,5,0,1,25,6,26.6,6.4,".218",".310",".277","0.587","0.092",".295","1","0","1","0","0",".262","28.6"
"Gelof, Zack",680869,2023,23,270,300,37,20,1,14,82,26,27.3,8.7,".267",".504",".337","0.841","0.237",".331","2","14","3","1","1",".357","29.0"
"Alu, Jake",666906,2023,26,159,175,31,2,1,2,42,10,24,5.7,".226",".289",".282","0.571","0.063",".291","1","5","3","0","2",".256","28.1"
"Doyle, Brenton",686668,2023,25,399,431,50,16,5,10,151,22,35,5.1,".203",".343",".250","0.593","0.140",".295","5","22","4","0","3",".257","29.9"
"Abreu, José",547989,2023,36,540,594,86,23,1,18,130,42,21.9,7.1,".237",".383",".296","0.679","0.146",".276","1","0","6","1","6",".295","25.5"
"Perdomo, Geraldo",672695,2023,23,407,495,70,20,4,6,86,64,17.4,12.9,".246",".359",".353","0.712","0.113",".295","4","16","6","1","4",".319","27.2"
"Alfaro, Jorge",595751,2023,30,48,52,2,4,0,1,15,2,28.8,3.8,".146",".292",".212","0.504","0.146",".188","0","0","2","0","0",".223","28.5"
"Hernández, Teoscar",606192,2023,30,625,678,104,29,2,26,211,38,31.1,5.6,".258",".435",".305","0.740","0.177",".342","2","7","8","2","7",".317","28.6"
"Tromp, Chadwick",644433,2023,28,16,16,1,1,0,0,7,0,43.8,0,".125",".188",".125","0.313","0.063",".222","0","0","0","0","0",".133",
"Rortvedt, Ben",666163,2023,25,68,79,5,1,0,2,19,11,24.1,13.9,".118",".221",".241","0.462","0.103",".128","0","0","0","0","0",".219","25.8"
"Soderstrom, Tyler",691016,2023,21,125,138,16,1,0,3,43,11,31.2,8,".160",".240",".232","0.472","0.080",".212","0","0","1","0","1",".216","25.7"
"Stewart, DJ",621466,2023,29,160,185,19,9,0,11,56,15,30.3,8.1,".244",".506",".333","0.839","0.262",".298","1","1","7","0","1",".358","26.3"
"Carlson, Dylan",666185,2023,24,219,255,34,8,1,5,49,26,19.2,10.2,".219",".333",".318","0.651","0.114",".256","0","3","7","0","3",".293","27.6"
"Sheets, Gavin",657757,2023,27,311,344,43,10,0,10,66,28,19.2,8.1,".203",".331",".267","0.598","0.128",".222","0","1","1","2","4",".261","26.5"
"Smith, Josh",669701,2023,25,195,232,21,8,1,6,55,25,23.7,10.8,".185",".328",".304","0.632","0.143",".222","0","1","9","0","1",".287","28.5"
"Lowe, Nathaniel",663993,2023,27,623,724,105,38,3,17,165,93,22.8,12.8,".262",".414",".360","0.774","0.152",".329","0","1","5","2","3",".340","27.3"
"Bethancourt, Christian",542194,2023,31,315,332,44,16,0,11,91,13,27.4,3.9,".225",".381",".254","0.635","0.156",".278","0","1","0","0","3",".271","27.4"
"Sullivan, Brett",664954,2023,29,81,86,13,3,0,1,19,4,22.1,4.7,".210",".284",".244","0.528","0.074",".258","0","0","0","0","1",".232","27.4"
"Gallo, Joey",608336,2023,29,282,332,19,9,1,21,142,48,42.8,14.5,".177",".440",".301","0.741","0.263",".244","1","1","2","1","0",".320","26.6"
"Moore, Dylan",664238,2023,30,145,165,13,9,1,7,56,16,33.9,9.7,".207",".428",".303","0.731","0.221",".280","3","7","4","0","0",".317","27.7"
"Fermín, José",665877,2023,24,51,61,11,1,0,0,8,6,13.1,9.8,".235",".255",".339","0.594","0.020",".279","1","0","2","0","0",".281","28.0"
"Raley, Luke",670042,2023,28,357,406,44,23,3,19,128,28,31.5,6.9,".249",".490",".333","0.823","0.241",".330","3","14","18","0","2",".353","28.8"
"Garlick, Kyle",664247,2023,31,28,30,2,1,0,2,11,2,36.7,6.7,".179",".429",".233","0.662","0.250",".200","0","0","0","0","0",".280","26.1"
"Riley, Austin",663586,2023,26,636,715,107,32,3,37,172,59,24.1,8.3,".281",".516",".345","0.861","0.235",".324","1","3","9","4","11",".363","28.1"
"Rendon, Anthony",543685,2023,33,148,183,27,6,0,2,27,25,14.8,13.7,".236",".318",".361","0.679","0.082",".268","0","2","6","0","4",".312","26.5"
"Baty, Brett",683146,2023,23,353,389,54,12,0,9,109,29,28,7.5,".212",".323",".275","0.598","0.111",".280","0","2","2","0","1",".266","27.3"
"Santander, Anthony",623993,2023,28,591,656,82,41,1,28,152,55,23.2,8.4,".257",".472",".325","0.797","0.215",".299","1","5","6","1","4",".340","26.7"
"Casali, Curt",592200,2023,34,80,96,12,2,0,0,23,11,24,11.5,".175",".200",".290","0.490","0.025",".246","0","0","2","0","0",".239","23.8"
"Myers, Wil",571976,2023,32,127,141,18,3,0,3,48,12,34,8.5,".189",".283",".257","0.540","0.094",".273","1","2","0","0","1",".243","28.0"
"Ahmed, Nick",605113,2023,33,198,210,29,10,1,2,52,12,24.8,5.7,".212",".303",".257","0.560","0.091",".278","1","5","0","0","0",".247","28.1"
"Hampson, Garrett",641658,2023,28,221,252,45,12,1,3,67,23,26.6,9.1,".276",".380",".349","0.729","0.104",".379","0","5","3","0","2",".323","29.8"
"Dickerson, Corey",572816,2023,34,144,152,26,7,1,2,28,7,18.4,4.6,".250",".354",".283","0.637","0.104",".296","1","0","0","0","1",".277","26.6"
"Capel, Conner",668843,2023,26,73,86,14,5,0,0,25,12,29.1,14,".260",".329",".372","0.701","0.069",".396","3","5","1","0","0",".322","27.0"
"Brown, Seth",664913,2023,30,343,378,42,19,1,14,101,30,26.7,7.9,".222",".405",".286","0.691","0.183",".270","1","3","2","1","2",".298","27.3"
"Nootbaar, Lars",663457,2023,25,426,503,73,23,1,14,99,72,19.7,14.3,".261",".418",".367","0.785","0.157",".307","1","11","1","2","3",".344","27.8"
"Westburg, Jordan",676059,2023,24,208,228,32,17,2,3,56,16,24.6,7,".260",".404",".311","0.715","0.144",".336","1","4","1","0","3",".309","28.9"
"Marcano, Tucupita",672779,2023,23,202,220,30,12,2,3,35,10,15.9,4.5,".233",".356",".276","0.632","0.123",".265","2","5","3","0","2",".275","27.6"
"Burdick, Peyton",680814,2023,26,33,37,3,2,0,1,18,3,48.6,8.1,".182",".333",".270","0.603","0.151",".357","0","1","1","0","0",".269","27.8"
"Porter, Logan",682515,2023,27,31,38,4,1,0,1,11,5,28.9,13.2,".194",".323",".324","0.647","0.129",".263","0","0","1","0","0",".297","26.9"
"Wisdom, Patrick",621550,2023,31,268,302,23,8,1,23,111,30,36.8,9.9,".205",".500",".289","0.789","0.295",".237","2","4","2","0","1",".333","27.7"
"Chisholm Jr., Jazz",665862,2023,25,352,383,55,12,2,19,118,26,30.8,6.8,".250",".457",".304","0.761","0.207",".318","3","22","2","0","2",".325","28.4"
"Wendle, Joey",621563,2023,33,297,318,42,16,3,2,67,13,21.1,4.1,".212",".306",".248","0.554","0.094",".264","1","7","2","0","3",".242","27.8"
"Larnach, Trevor",663616,2023,26,183,212,21,7,3,8,72,27,34,12.7,".213",".415",".311","0.726","0.202",".295","1","1","0","1","2",".313","26.7"
"Arraez, Luis",650333,2023,26,574,617,160,30,3,10,34,35,5.5,5.7,".354",".469",".393","0.862","0.115",".362","2","3","4","10","3",".369","26.1"
"Olson, Matt",621566,2023,29,608,720,88,27,3,54,167,104,23.2,14.4,".283",".604",".389","0.993","0.321",".302","0","1","4","8","4",".413","26.2"
"Daza, Yonathan",602074,2023,29,74,80,14,6,0,0,13,3,16.3,3.8,".270",".351",".304","0.655","0.081",".323","0","1","1","0","1",".286","27.4"
"Gurriel Jr., Yuli",493329,2023,39,298,329,50,16,3,4,44,26,13.4,7.9,".245",".359",".304","0.663","0.114",".272","0","4","1","3","4",".287","27.2"
"Duran, Jarren",680776,2023,26,332,362,54,34,2,8,90,24,24.9,6.6,".295",".482",".346","0.828","0.187",".381","2","24","3","1","2",".354","29.5"
"Adrianza, Ehire",501303,2023,33,10,11,0,0,0,0,4,1,36.4,9.1,".000",".000",".091","0.091","0.000",".000","0","0","0","0","0",".063",
"Baddoo, Akil",668731,2023,24,312,357,43,13,1,11,89,42,24.9,11.8,".218",".372",".310","0.682","0.154",".268","3","14","0","2","1",".299","29.0"
"Castro, Rodolfo",666801,2023,24,227,256,35,7,0,6,74,23,28.9,9,".211",".322",".297","0.619","0.111",".284","4","1","5","1","1",".277","27.3"
"Lukes, Nathan",664770,2023,28,26,31,3,1,1,0,9,4,29,12.9,".192",".308",".290","0.598","0.116",".278","0","0","0","0","1",".266","27.4"
"Stephenson, Tyler",663886,2023,26,465,517,78,20,2,13,135,47,26.1,9.1,".243",".378",".317","0.695","0.135",".314","1","0","4","2","1",".305","26.9"
"Palacios, Joshua",641943,2023,27,247,264,38,9,2,10,56,12,21.2,4.5,".239",".413",".279","0.692","0.174",".269","0","5","2","0","1",".297","28.2"
"Marlowe, Cade",687799,2023,26,88,100,13,3,2,3,33,12,33,12,".239",".420",".330","0.750","0.181",".346","2","4","0","0","0",".327","28.9"
"Diaz, Jordan",672478,2023,22,272,293,41,9,0,10,69,17,23.5,5.8,".221",".364",".273","0.637","0.143",".258","1","0","3","0","1",".278","25.3"
"Moreno, Gabriel",672515,2023,23,341,380,70,19,1,7,75,29,19.7,7.6,".284",".408",".339","0.747","0.124",".338","2","6","3","0","7",".325","27.2"
"O'Hearn, Ryan",656811,2023,29,346,368,63,22,1,14,82,15,22.3,4.1,".289",".480",".322","0.802","0.191",".340","1","5","3","2","3",".339","27.7"
"Stefanic, Michael",683021,2023,27,62,71,15,2,1,0,8,8,11.3,11.3,".290",".355",".380","0.735","0.065",".333","1","0","1","0","0",".332","26.0"
"Candelario, Jeimer",600869,2023,29,505,576,63,39,3,22,127,53,22,9.2,".251",".471",".336","0.807","0.220",".292","1","8","13","1","4",".346","27.5"
"Adams, Jordyn",677941,2023,23,39,40,5,0,0,0,16,0,40,0,".128",".128",".125","0.253","0.000",".208","2","1","0","0","1",".110","29.2"
"Castro, Willi",650489,2023,26,358,409,60,18,5,9,99,34,24.2,8.3,".257",".411",".339","0.750","0.154",".328","5","33","12","1","3",".327","28.6"
"Anderson, Brian",605119,2023,30,318,361,48,12,3,9,108,36,29.9,10,".226",".368",".310","0.678","0.142",".309","3","1","4","0","3",".299","26.4"
"Gonzales, Nick",693304,2023,24,115,128,13,8,1,2,36,6,28.1,4.7,".209",".348",".268","0.616","0.139",".278","1","0","4","0","2",".268","28.8"
"Meneses, Joey",608841,2023,31,611,657,118,36,1,13,130,38,19.8,5.8,".275",".401",".321","0.722","0.126",".329","0","0","5","0","3",".314","25.6"
"Martínez, J.P.",679881,2023,27,40,44,7,1,0,1,16,2,36.4,4.5,".225",".325",".250","0.575","0.100",".320","0","0","0","0","2",".246","28.7"
"Blankenhorn, Travis",663905,2023,26,31,37,4,0,0,1,6,6,16.2,16.2,".161",".258",".297","0.555","0.097",".167","0","0","0","0","0",".262","25.5"
"La Stella, Tommy",600303,2023,34,21,24,3,1,0,0,5,3,20.8,12.5,".190",".238",".292","0.530","0.048",".250","0","0","0","0","0",".249","24.1"
"Serven, Brian",661531,2023,28,23,23,2,1,0,0,10,0,43.5,0,".130",".174",".130","0.304","0.044",".231","0","0","0","0","0",".131","25.1"
"Lewis, Royce",668904,2023,24,217,239,45,7,0,15,55,20,23,8.4,".309",".548",".372","0.920","0.239",".354","1","6","2","0","0",".393","28.2"
"Soto, Juan",665742,2023,24,568,708,88,32,1,35,129,132,18.2,18.6,".275",".519",".410","0.929","0.244",".296","5","12","2","11","5",".395","26.8"
"Ramírez, José",608070,2023,30,611,691,107,36,5,24,73,73,10.6,10.6,".282",".475",".356","0.831","0.193",".285","6","28","1","22","6",".346","27.8"
"Jung, Josh",673962,2023,25,478,515,78,25,1,23,151,30,29.3,5.8,".266",".467",".315","0.782","0.201",".340","3","1","5","0","2",".334","26.8"
"Fairchild, Stuart",656413,2023,27,219,255,27,16,2,5,69,25,27.1,9.8,".228",".388",".321","0.709","0.160",".306","3","10","6","0","2",".312","29.2"
"Solano, Donovan",456781,2023,35,394,450,79,26,1,5,100,40,22.2,8.9,".282",".391",".369","0.760","0.109",".366","0","0","15","1","1",".338","25.4"
"Caratini, Victor",605170,2023,29,201,226,41,4,0,7,45,19,19.9,8.4,".259",".383",".327","0.710","0.124",".296","1","1","3","0","3",".312","25.0"
"Bailey, Patrick",672275,2023,24,326,353,50,18,1,7,100,21,28.3,5.9,".233",".359",".285","0.644","0.126",".314","0","1","3","0","1",".282","26.2"
"Gallagher, Cam",595956,2023,30,143,149,12,6,0,0,46,4,30.9,2.7,".126",".168",".154","0.322","0.042",".184","0","0","1","0","1",".145","25.4"
"Wong, Connor",657136,2023,27,371,403,51,25,2,9,134,22,33.3,5.5,".235",".385",".287","0.672","0.150",".341","2","8","6","0","1",".292","28.3"
"Peguero, Liover",678894,2023,22,198,213,35,4,1,7,67,11,31.5,5.2,".237",".374",".280","0.654","0.137",".320","2","6","1","0","1",".284","29.3"
"Trout, Mike",545361,2023,31,308,362,48,14,1,18,104,45,28.7,12.4,".263",".490",".367","0.857","0.227",".335","0","2","7","2","2",".368","29.5"
"McCutchen, Andrew",457705,2023,36,390,473,69,19,0,12,100,75,21.1,15.9,".256",".397",".378","0.775","0.141",".312","3","11","4","1","4",".345","28.4"
"Biggio, Cavan",624415,2023,28,289,338,47,12,0,9,88,40,26,11.8,".235",".370",".340","0.710","0.135",".304","2","5","7","0","2",".318","28.3"
"Loftin, Nick",679845,2023,24,62,68,14,5,1,0,12,4,17.6,5.9,".323",".435",".368","0.803","0.112",".392","0","2","1","0","1",".348","27.2"
"Bichette, Bo",666182,2023,25,571,601,122,30,3,20,115,27,19.1,4.5,".306",".475",".339","0.814","0.169",".355","3","5","2","0","1",".349","27.1"
"Rocchio, Brayan",677587,2023,22,81,86,14,6,0,0,27,4,31.4,4.7,".247",".321",".279","0.600","0.074",".364","0","0","0","0","1",".263","27.4"
"Drury, Brandon",592273,2023,30,485,523,68,30,3,26,136,25,26,4.8,".262",".497",".306","0.803","0.235",".308","2","0","8","0","5",".339","26.9"
"Lamb, Jake",571875,2023,32,51,54,8,1,0,2,15,3,27.8,5.6,".216",".353",".259","0.612","0.137",".265","0","0","0","0","0",".267","25.1"
"Vaughn, Andrew",683734,2023,25,566,615,93,30,2,21,129,36,21,5.9,".258",".429",".314","0.743","0.171",".299","0","0","11","0","2",".321","25.5"
"Martinez, J.D.",502110,2023,35,432,479,55,27,2,33,149,34,31.1,7.1,".271",".572",".321","0.893","0.301",".324","0","1","2","1","9",".369","26.1"
"Clemens, Kody",665019,2023,27,139,148,21,7,0,4,40,8,27,5.4,".230",".367",".277","0.644","0.137",".295","0","0","1","0","0",".281","27.5"
"Naylor, Bo",666310,2023,23,198,230,23,13,0,11,53,30,23,13,".237",".470",".339","0.809","0.233",".267","0","5","1","1","1",".347","27.4"
"Naylor, Josh",647304,2023,26,452,495,91,31,0,17,68,33,13.7,6.7,".308",".489",".354","0.843","0.181",".326","3","10","3","9","7",".354","25.8"
"Schmitt, Casey",669477,2023,24,253,277,32,15,0,5,65,13,23.5,4.7,".206",".324",".255","0.579","0.118",".253","1","2","5","0","3",".254","28.0"
"Semien, Marcus",543760,2023,32,670,753,112,40,4,29,110,72,14.6,9.6,".276",".478",".348","0.826","0.202",".291","3","14","5","1","5",".354","28.7"
"Nido, Tomás",621512,2023,29,56,61,7,0,0,0,18,2,29.5,3.3,".125",".125",".153","0.278","0.000",".179","0","0","0","0","1",".128","24.8"
"Lindor, Francisco",596019,2023,29,602,687,87,33,2,31,137,66,19.9,9.6,".254",".470",".336","0.806","0.216",".277","4","31","12","1","7",".346","28.1"
"Pérez, Carlos",542208,2023,32,168,189,28,4,0,6,40,13,21.2,6.9,".226",".357",".293","0.650","0.131",".256","0","0","4","0","3",".285","24.6"
"Taveras, Leody",665750,2023,24,511,554,88,31,3,14,117,35,21.1,6.3,".266",".421",".312","0.733","0.155",".318","4","14","1","0","4",".316","29.1"
"Massey, Michael",686681,2023,25,428,461,64,18,1,15,99,24,21.5,5.2,".229",".381",".274","0.655","0.152",".261","2","6","4","0","4",".283","27.3"
"Pereira, Everson",677592,2023,22,93,103,10,4,0,0,40,8,38.8,7.8,".151",".194",".233","0.427","0.043",".264","0","4","2","0","0",".202","28.0"
"Moncada, Yoán",660162,2023,28,334,357,55,20,1,11,107,20,30,5.6,".260",".425",".305","0.730","0.165",".350","0","1","2","0","1",".315","26.4"
"Myers, Dane",667472,2023,27,67,70,14,3,0,1,19,2,27.1,2.9,".269",".358",".286","0.644","0.089",".354","1","1","0","0","1",".278","28.9"
"Belt, Brandon",474832,2023,35,339,404,44,23,0,19,141,61,34.9,15.1,".254",".490",".369","0.859","0.236",".370","0","0","2","1","2",".369","26.2"
"Suwinski, Jack",669261,2023,24,447,534,51,21,2,26,172,75,32.2,14,".224",".454",".339","0.793","0.230",".290","2","13","6","2","6",".341","28.6"
"Grissom, Vaughn",687093,2023,22,75,80,17,3,1,0,15,2,18.8,2.5,".280",".347",".313","0.660","0.067",".344","1","0","2","0","1",".289","27.2"
"Kieboom, Carter",666198,2023,25,87,94,12,2,0,4,27,6,28.7,6.4,".207",".368",".266","0.634","0.161",".250","0","0","1","0","0",".277","26.4"
"Pederson, Joc",592626,2023,31,358,425,52,14,3,15,89,57,20.9,13.4,".235",".416",".348","0.764","0.181",".268","0","0","7","6","3",".331","26.4"
"Ellis, Drew",656403,2023,27,23,29,3,0,0,2,7,6,24.1,20.7,".217",".478",".379","0.857","0.261",".214","1","0","0","0","0",".373","27.2"
"Grandal, Yasmani",518735,2023,34,363,405,63,14,0,8,86,36,21.2,8.9,".234",".339",".309","0.648","0.105",".284","0","0","4","1","2",".288","22.8"
"Gonzalez, Oscar",660757,2023,25,173,180,26,7,2,2,46,5,25.6,2.8,".214",".312",".239","0.551","0.098",".278","0","0","1","0","1",".239","28.0"
"Bart, Joey",663698,2023,26,87,95,13,5,0,0,23,3,24.2,3.2,".207",".264",".263","0.527","0.057",".277","0","0","4","0","1",".239","26.5"
"Baker, Luken",663609,2023,26,86,99,13,3,0,2,31,13,31.3,13.1,".209",".314",".313","0.627","0.105",".302","0","0","0","0","0",".285","24.7"
"Thompson, Bubba",669352,2023,25,53,60,4,4,1,0,16,4,26.7,6.7,".170",".283",".237","0.520","0.113",".237","2","4","1","0","1",".230","30.2"
"Montes, Coco",663796,2023,26,38,41,4,2,0,1,12,2,29.3,4.9,".184",".316",".244","0.560","0.132",".240","0","0","1","0","0",".247","27.6"
"Smith, Dominic",642086,2023,28,527,586,100,21,1,12,91,47,15.5,8,".254",".366",".326","0.692","0.112",".286","1","1","10","1","2",".306","25.8"
"Davis, Henry",680779,2023,23,225,255,31,10,0,7,69,25,27.1,9.8,".213",".351",".302","0.653","0.138",".273","5","3","4","2","1",".287","28.2"
"Adames, Willy",642715,2023,27,553,638,65,29,2,24,165,71,25.9,11.1,".217",".407",".310","0.717","0.190",".259","3","5","6","1","6",".311","27.6"
"Bradley Jr., Jackie",598265,2023,33,105,113,8,5,0,1,29,5,25.7,4.4,".133",".210",".188","0.398","0.077",".173","0","0","2","0","0",".180","27.1"
"Tena, José",677588,2023,22,31,34,5,2,0,0,13,3,38.2,8.8,".226",".290",".294","0.584","0.064",".389","0","0","0","0","0",".264","26.8"
"Thompson, Trayce",572204,2023,32,153,179,17,2,0,6,77,24,43,13.4,".163",".294",".285","0.579","0.131",".271","0","2","2","0","0",".266","27.3"
"Newman, Kevin",621028,2023,29,225,253,38,16,0,3,34,17,13.4,6.7,".253",".364",".311","0.675","0.111",".280","1","8","4","0","5",".296","28.0"
"Escobar, Eduardo",500871,2023,34,288,309,48,6,5,6,78,18,25.2,5.8,".226",".344",".269","0.613","0.118",".286","1","2","0","0","2",".267","27.1"
"Bryant, Kris",592178,2023,31,300,335,50,10,0,10,68,29,20.3,8.7,".233",".367",".313","0.680","0.134",".270","0","0","6","0","0",".302","26.4"
"Rios, Edwin",621458,2023,29,28,34,0,1,0,1,16,5,47.1,14.7,".071",".214",".235","0.449","0.143",".091","0","0","1","0","0",".219",
"Merrifield, Whit",593160,2023,34,547,592,111,27,0,11,101,36,17.1,6.1,".272",".382",".318","0.700","0.110",".313","10","26","3","2","6",".304","28.8"
"Mateo, Jorge",622761,2023,28,318,350,46,14,2,7,82,22,23.4,6.3,".217",".340",".267","0.607","0.123",".267","5","32","1","0","3",".265","30.1"
"Higashioka, Kyle",543309,2023,33,242,260,34,13,0,10,74,14,28.5,5.4,".236",".413",".274","0.687","0.177",".292","0","0","0","0","3",".293","25.6"
"Garrett, Stone",656448,2023,27,234,271,37,17,0,9,82,26,30.3,9.6,".269",".457",".343","0.800","0.188",".365","1","3","3","0","5",".344","28.5"
"McKinney, Billy",641856,2023,28,128,147,19,3,1,6,39,17,26.5,11.6,".227",".406",".320","0.726","0.179",".274","0","1","1","1","1",".315","27.1"
"Young, Jared",676724,2023,27,43,47,3,0,3,2,13,3,27.7,6.4,".186",".465",".255","0.720","0.279",".214","0","2","1","0","0",".302","28.5"
"Kohlwey, Taylor",670128,2023,28,13,13,2,0,0,0,5,0,38.5,0,".154",".154",".154","0.308","0.000",".250","0","0","0","0","0",".136",
"Carter, Evan",694497,2023,20,62,75,9,4,1,5,24,12,32,16,".306",".645",".413","1.058","0.339",".412","0","3","0","1","1",".435","29.6"
"Hosmer, Eric",543333,2023,33,94,100,17,3,0,2,25,6,25,6,".234",".330",".280","0.610","0.096",".299","0","0","0","0","0",".269","25.0"
"Haggerty, Sam",664059,2023,29,91,108,18,3,1,1,17,15,15.7,13.9,".253",".341",".364","0.705","0.088",".301","1","10","1","0","0",".321","29.2"
"Neto, Zach",687263,2023,22,289,329,39,17,0,9,77,20,23.4,6.1,".225",".377",".308","0.685","0.152",".272","1","5","16","0","3",".302","27.7"
"Hensley, David",682073,2023,27,84,94,8,1,0,1,35,10,37.2,10.6,".119",".167",".213","0.380","0.048",".188","0","1","0","0","0",".184","27.1"
"Friedl Jr., TJ",670770,2023,27,488,556,88,22,8,18,90,47,16.2,8.5,".279",".467",".352","0.819","0.188",".308","6","27","10","1","3",".353","28.3"
"Pratto, Nick",668472,2023,24,306,345,48,16,0,7,138,29,40,8.4,".232",".353",".307","0.660","0.121",".388","1","1","6","0","4",".292","26.3"
"Jones, Jahmai",663330,2023,25,10,11,1,1,0,0,5,1,45.5,9.1,".200",".300",".273","0.573","0.100",".400","0","1","0","0","0",".257",
"Anderson, Tim",641313,2023,30,493,524,100,18,2,1,122,26,23.3,5,".245",".296",".286","0.582","0.051",".323","2","13","3","0","2",".260","27.2"
"Harper, Bryce",547180,2023,30,457,546,83,29,1,21,119,80,21.8,14.7,".293",".499",".401","0.900","0.206",".352","3","11","5","8","4",".384","27.6"
"Frelick, Sal",686217,2023,23,191,223,34,9,1,3,37,28,16.6,12.6,".246",".351",".341","0.692","0.105",".286","0","7","1","0","3",".309","28.6"
"Vosler, Jason",613564,2023,29,62,65,4,2,1,3,25,3,38.5,4.6,".161",".371",".200","0.571","0.210",".206","0","0","0","0","0",".241","26.0"
"Barrero, José",676480,2023,25,133,149,19,8,0,2,44,15,29.5,10.1,".218",".323",".295","0.618","0.105",".307","2","3","0","0","1",".276","27.5"
"Pache, Cristian",665506,2023,24,84,95,10,7,1,2,27,10,28.4,10.5,".238",".417",".319","0.736","0.179",".327","3","2","0","0","0",".320","27.8"
"Burger, Jake",669394,2023,27,492,540,60,28,1,34,149,32,27.6,5.9,".250",".518",".309","0.827","0.268",".284","1","1","12","0","4",".349","28.0"
"Herrera, Iván",671056,2023,23,37,44,9,2,0,0,11,5,25,11.4,".297",".351",".409","0.760","0.054",".423","0","0","2","0","0",".349","26.7"
"Batten, Matthew",676946,2023,28,120,139,23,6,0,2,30,17,21.6,12.2,".258",".358",".355","0.713","0.100",".330","2","2","1","0","0",".321","28.6"
"Stevenson, Andrew",664057,2023,29,37,40,6,1,0,0,8,2,20,5,".189",".216",".250","0.466","0.027",".241","1","4","1","0","0",".216","29.2"
"Rogers, Jake",668670,2023,28,331,365,41,11,0,21,118,28,32.3,7.7,".221",".444",".286","0.730","0.223",".268","1","1","3","0","2",".312","27.2"
"Ramírez, Harold",623912,2023,28,400,434,92,19,2,12,79,22,18.2,5.1,".313",".460",".353","0.813","0.147",".359","3","5","6","0","6",".349","27.8"
"Hill, Derek",656537,2023,27,47,50,7,1,0,0,11,3,22,6,".170",".191",".220","0.411","0.021",".222","0","1","0","0","0",".190","29.7"
"Johnson, Bryce",669369,2023,27,43,48,5,1,0,1,15,4,31.3,8.3,".163",".256",".229","0.485","0.093",".214","0","3","0","0","1",".218","28.8"
"Pasquantino, Vinnie",686469,2023,25,231,260,31,17,0,9,31,25,11.9,9.6,".247",".437",".324","0.761","0.190",".250","0","0","2","2","1",".327","25.8"
"Sánchez, Jesús",660821,2023,25,360,402,51,23,3,14,107,38,26.6,9.5,".253",".450",".327","0.777","0.197",".321","1","3","2","1","1",".334","27.5"
"Contreras, William",661388,2023,25,540,611,100,38,1,17,126,63,20.6,10.3,".289",".457",".367","0.824","0.168",".348","1","6","5","2","2",".357","26.5"
"Gurriel Jr., Lourdes",666971,2023,29,551,592,83,35,2,24,103,33,17.4,5.6,".261",".463",".309","0.772","0.202",".282","0","5","6","1","2",".329","27.1"
"Vargas, Miguel",678246,2023,23,256,304,24,15,4,7,61,38,20.1,12.5,".195",".367",".305","0.672","0.172",".224","2","3","4","1","4",".295","27.9"
"Florial, Estevan",664314,2023,25,61,71,10,3,1,0,20,7,28.2,9.9,".230",".311",".324","0.635","0.081",".333","0","3","2","0","1",".288","29.3"
"Lester, Josh",623507,2023,28,22,23,4,0,0,0,7,1,30.4,4.3,".182",".182",".217","0.399","0.000",".267","0","0","0","0","0",".184","25.9"
"Vázquez, Christian",543877,2023,32,327,355,54,13,0,6,82,25,23.1,7,".223",".318",".280","0.598","0.095",".279","0","1","1","1","1",".264","25.0"
"Duran, Ezequiel",677649,2023,24,406,439,74,22,2,14,120,23,27.3,5.2,".276",".443",".324","0.767","0.167",".358","4","8","7","1","2",".330","29.1"
"Andrus, Elvis",462101,2023,34,374,406,67,20,1,6,71,25,17.5,6.2,".251",".358",".304","0.662","0.107",".294","4","12","4","1","2",".290","26.5"
"Duffy, Matt",622110,2023,32,191,209,38,8,0,2,39,12,18.7,5.7,".251",".325",".306","0.631","0.074",".303","0","1","4","0","2",".281","27.0"
"Hedges, Austin",595978,2023,30,185,212,28,5,0,1,47,11,22.2,5.2,".184",".227",".234","0.461","0.043",".236","0","1","2","0","3",".209","24.5"
"Ibáñez, Andy",628451,2023,30,356,383,58,23,2,11,69,24,18,6.3,".264",".433",".312","0.745","0.169",".300","0","1","1","0","1",".320","27.2"
"Moniak, Mickey",666160,2023,25,311,323,50,21,2,14,113,9,35,2.8,".280",".495",".307","0.802","0.215",".397","3","6","3","1","0",".339","28.6"
"Stowers, Kyle",669065,2023,25,30,33,2,0,0,0,12,3,36.4,9.1,".067",".067",".152","0.219","0.000",".111","0","0","0","0","0",".117","25.8"
"Rojas, Johan",679032,2023,22,149,164,32,9,2,2,42,5,25.6,3,".302",".430",".342","0.772","0.128",".410","1","14","4","0","0",".335","29.5"
"Rooker Jr., Brent",667670,2023,28,463,526,63,20,1,30,172,49,32.7,9.3,".246",".488",".329","0.817","0.242",".317","0","4","10","1","4",".348","27.1"
"Jiménez, Eloy",650391,2023,26,456,489,83,23,0,18,93,30,19,6.1,".272",".441",".317","0.758","0.169",".305","0","0","1","2","2",".325","26.5"
"Abrams, CJ",682928,2023,22,563,614,86,28,6,18,118,32,19.2,5.2,".245",".412",".300","0.712","0.167",".279","4","47","13","2","3",".306","28.6"
"Castellanos, Nick",592206,2023,31,626,671,102,37,2,29,185,36,27.6,5.4,".272",".476",".311","0.787","0.204",".337","2","11","3","0","6",".335","27.2"
"Polanco, Jorge",593871,2023,29,302,343,45,18,0,14,88,36,25.7,10.5,".255",".454",".335","0.789","0.199",".310","0","4","2","0","3",".340","27.6"
"Dozier, Hunter",641531,2023,31,82,91,10,2,1,2,29,8,31.9,8.8,".183",".305",".253","0.558","0.122",".250","0","2","0","0","1",".247","28.3"
"Swanson, Dansby",621020,2023,29,565,638,88,25,3,22,154,66,24.1,10.3,".244",".416",".328","0.744","0.172",".297","1","9","5","0","2",".325","28.4"
"Mountcastle, Ryan",663624,2023,26,423,470,74,21,1,18,107,37,22.8,7.9,".270",".452",".328","0.780","0.182",".315","1","3","3","1","7",".333","28.2"
"Castro, Harold",605612,2023,29,258,270,51,13,0,1,66,9,24.4,3.3,".252",".314",".275","0.589","0.062",".332","0","1","0","0","2",".258","26.5"
"Hopkins, TJ",686759,2023,26,41,44,7,0,0,0,17,2,38.6,4.5,".171",".171",".227","0.398","0.000",".292","0","1","1","0","0",".189","28.9"
"Yepez, Juan",660766,2023,25,60,65,8,1,0,2,20,4,30.8,6.2,".183",".300",".246","0.546","0.117",".237","1","0","1","0","0",".243","26.0"
"Pinto, René",650907,2023,26,103,105,17,3,0,6,34,2,32.4,1.9,".252",".456",".267","0.723","0.204",".317","0","0","0","0","0",".306","26.9"
"Smith-Njigba, Canaan",675986,2023,24,32,37,2,1,1,0,16,4,43.2,10.8,".125",".219",".216","0.435","0.094",".235","0","1","0","0","1",".199","26.4"
"McGuire, Reese",624512,2023,28,187,206,36,12,1,1,53,11,25.7,5.3,".267",".358",".310","0.668","0.091",".366","1","2","1","0","1",".293","25.9"
"Turner, Justin",457759,2023,38,558,626,100,31,0,23,110,51,17.6,8.1,".276",".455",".345","0.800","0.179",".304","1","4","11","0","6",".346","25.2"
"Remillard, Zach",621545,2023,29,147,160,29,7,0,1,48,8,30,5,".252",".320",".295","0.615","0.068",".367","3","4","1","1","0",".270","28.4"
"Rizzo, Anthony",519203,2023,33,373,421,65,14,0,12,97,35,23,8.3,".244",".378",".328","0.706","0.134",".298","3","0","12","1","1",".312","24.7"
"Stanton, Giancarlo",519317,2023,33,371,415,34,13,0,24,124,41,29.9,9.9,".191",".420",".275","0.695","0.229",".210","0","0","2","3","1",".297","24.4"
"Edman, Tommy",669242,2023,28,479,528,77,25,4,13,84,35,15.9,6.6,".248",".399",".307","0.706","0.151",".275","4","27","7","1","4",".306","28.8"
"Wisely, Brett",689172,2023,24,120,131,14,5,0,2,40,9,30.5,6.9,".175",".267",".231","0.498","0.092",".241","1","2","0","0","1",".222","27.9"
"Rivera, Emmanuel",656896,2023,27,257,283,50,13,0,4,56,22,19.8,7.8,".261",".358",".314","0.672","0.097",".313","0","1","0","0","4",".295","27.1"
"Mauricio, Ronny",677595,2023,22,101,108,19,4,0,2,31,7,28.7,6.5,".248",".347",".296","0.643","0.099",".338","0","7","0","0","0",".284","27.7"
"Kwan, Steven",680757,2023,25,638,718,123,36,7,5,75,70,10.4,9.7,".268",".370",".340","0.710","0.102",".294","3","21","3","2","6",".313","28.1"
"DeJong, Paul",657557,2023,29,372,400,50,13,0,14,121,21,30.3,5.3,".207",".355",".258","0.613","0.148",".264","4","4","5","0","2",".266","26.8"
"Torrens, Luis",620443,2023,27,28,30,4,3,0,0,9,1,30,3.3,".250",".357",".300","0.657","0.107",".368","0","0","1","0","0",".289","26.3"
"Peterson, Jace",607054,2023,33,374,430,59,10,4,6,101,47,23.5,10.9,".211",".307",".304","0.611","0.096",".270","2","15","4","2","3",".275","28.0"
"Rojas, Josh",668942,2023,29,314,350,56,17,0,4,81,27,23.1,7.7,".245",".338",".303","0.641","0.093",".313","0","12","1","0","4",".284","26.7"
"Meadows, Parker",678009,2023,23,125,145,20,4,2,3,37,17,25.5,11.7,".232",".368",".331","0.699","0.136",".302","1","8","2","1","1",".308","29.0"
"Lewis, Kyle",641786,2023,27,51,54,5,2,0,1,21,3,38.9,5.6,".157",".255",".204","0.459","0.098",".241","0","0","0","0","0",".204","25.8"
"Henderson, Gunnar",683002,2023,22,560,622,77,29,9,28,159,56,25.6,9,".255",".489",".325","0.814","0.234",".306","3","10","3","1","3",".346","28.8"
"Hilliard, Sam",656541,2023,29,72,78,9,5,0,3,33,6,42.3,7.7,".236",".431",".295","0.726","0.195",".389","0","4","0","0","0",".312","28.9"
"Zunino, Mike",572287,2023,32,124,140,12,7,0,3,61,15,43.6,10.7,".177",".306",".271","0.577","0.129",".317","0","0","1","0","0",".261","26.0"
"Maton, Nick",665155,2023,26,249,293,26,9,0,8,73,38,24.9,13,".173",".305",".288","0.593","0.132",".206","2","1","3","1","2",".268","27.2"
"Mervis, Matt",670223,2023,25,90,99,10,2,0,3,32,8,32.3,8.1,".167",".289",".242","0.531","0.122",".218","0","0","1","0","0",".239","24.8"
"Bogaerts, Xander",593428,2023,30,596,665,118,31,2,19,110,56,16.5,8.4,".285",".440",".350","0.790","0.155",".319","2","19","7","0","6",".343","27.6"
"Mancini III, Trey",641820,2023,31,235,263,39,12,0,4,78,21,29.7,8,".234",".336",".299","0.635","0.102",".327","0","0","2","1","3",".280","25.4"
"Lowe, Brandon",664040,2023,28,377,436,50,15,1,21,119,50,27.3,11.5,".231",".443",".328","0.771","0.212",".275","0","7","6","0","3",".334","27.3"
"Rutschman, Adley",668939,2023,25,588,687,111,31,1,20,101,92,14.7,13.4,".277",".435",".374","0.809","0.158",".303","2","1","2","6","5",".352","27.0"
"Cron, C.J.",543068,2023,33,258,278,40,12,0,12,65,17,23.4,6.1,".248",".434",".295","0.729","0.186",".284","0","0","1","0","2",".312","25.0"
"Correa, Carlos",621043,2023,28,514,580,69,29,2,18,131,59,22.6,10.2,".230",".399",".312","0.711","0.169",".272","0","0","4","3","3",".309","26.6"
"Bride, Jonah",681146,2023,27,88,106,12,3,0,0,22,11,20.8,10.4,".170",".205",".286","0.491","0.035",".221","1","0","4","0","2",".237","27.1"
"Caminero, Junior",691406,2023,19,34,36,6,1,0,1,8,2,22.2,5.6,".235",".353",".278","0.631","0.118",".280","0","0","0","0","0",".276","28.6"
"Rengifo, Luis",650859,2023,26,394,445,69,15,4,16,82,41,18.4,9.2,".264",".444",".339","0.783","0.180",".293","4","6","6","0","4",".339","27.4"
"McLain, Matt",680574,2023,23,365,403,63,23,4,16,115,31,28.5,7.7,".290",".507",".357","0.864","0.217",".385","5","14","7","0","0",".370","29.0"
"Rodríguez, Endy",682848,2023,23,186,204,29,7,2,3,49,17,24,8.3,".220",".328",".284","0.612","0.108",".281","0","0","0","0","1",".271","27.8"
"Gomes, Yan",543228,2023,35,382,419,70,20,2,10,81,21,19.3,5,".267",".408",".315","0.723","0.141",".309","0","1","9","1","7",".312","26.2"
"Narváez, Omar",553882,2023,31,128,146,20,5,0,2,27,14,18.5,9.6,".211",".297",".283","0.580","0.086",".245","0","0","0","0","3",".259","24.4"
"Wilson, Weston",642215,2023,28,16,22,4,0,0,1,5,6,22.7,27.3,".313",".500",".500","1.000","0.187",".400","1","3","0","0","0",".441","27.2"
"Witt Jr., Bobby",677951,2023,23,641,694,108,28,11,30,121,40,17.4,5.8,".276",".495",".319","0.814","0.219",".295","15","49","4","1","8",".343","30.5"
"Lee, Korey",686676,2023,24,65,70,3,1,0,1,20,5,28.6,7.1,".077",".138",".143","0.281","0.061",".091","0","0","0","0","0",".134","28.0"
"Toglia, Michael",669911,2023,24,141,152,14,5,0,4,50,10,32.9,6.6,".163",".284",".224","0.508","0.121",".218","1","1","1","0","0",".225","28.0"
"Pham, Tommy",502054,2023,35,426,481,63,27,3,16,106,47,22,9.8,".256",".446",".328","0.774","0.190",".300","3","22","2","1","6",".332","27.8"
"Crawford, J.P.",641487,2023,28,534,638,88,35,0,19,125,94,19.6,14.7,".266",".438",".380","0.818","0.172",".314","0","2","5","1","2",".359","26.7"
"De La Cruz, Bryan",650559,2023,26,579,626,98,32,0,19,142,40,22.7,6.4,".257",".411",".304","0.715","0.154",".307","1","4","1","0","5",".309","27.7"
"Diaz, Yainer",673237,2023,24,355,377,55,22,0,23,74,11,19.6,2.9,".282",".538",".308","0.846","0.256",".292","0","0","5","0","6",".354","27.6"
"Bader, Harrison",664056,2023,29,319,344,53,12,2,7,59,17,17.2,4.9,".232",".348",".274","0.622","0.116",".261","3","20","3","0","4",".271","28.8"
"Beaty, Matt",607461,2023,30,61,72,10,4,0,0,14,6,19.4,8.3,".230",".295",".347","0.642","0.065",".298","0","0","5","0","0",".300","25.5"
"Kelenic, Jarred",672284,2023,23,372,416,56,25,2,11,132,41,31.7,9.9,".253",".419",".327","0.746","0.166",".359","5","13","1","4","2",".321","28.0"
"Querecuto, Juniel",578570,2023,30,20,21,1,1,0,0,6,1,28.6,4.8,".100",".150",".143","0.293","0.050",".143","0","0","0","0","0",".134","26.8"
"Haniger, Mitch",571745,2023,32,211,229,24,13,1,6,65,15,28.4,6.6,".209",".365",".266","0.631","0.156",".270","0","1","2","0","1",".274","26.7"
"Refsnyder, Rob",608701,2023,32,202,243,39,9,1,1,47,33,19.3,13.6,".248",".317",".365","0.682","0.069",".316","2","7","5","0","1",".314","27.1"
"Rosario, Amed",642708,2023,27,510,545,95,25,8,6,99,29,18.2,5.3,".263",".378",".305","0.683","0.115",".314","2","15","3","0","3",".297","29.4"
"Schneider, Davis",676914,2023,24,116,141,11,12,1,8,43,21,30.5,14.9,".276",".603",".404","1.007","0.327",".369","0","1","4","0","0",".424","27.4"
"Pérez, Roberto",547379,2023,34,15,17,2,0,0,0,6,2,35.3,11.8,".133",".133",".235","0.368","0.000",".222","0","0","0","0","0",".186",
"McCann, James",543510,2023,33,207,226,26,14,0,6,57,9,25.2,4,".222",".377",".269","0.646","0.155",".274","1","3","5","0","2",".279","26.1"
"Marte, Starling",516782,2023,34,315,341,65,7,1,5,69,16,20.2,4.7,".248",".324",".301","0.625","0.076",".303","4","24","8","1","0",".278","27.1"
"McKenna, Ryan",663630,2023,26,122,139,22,7,0,2,40,9,28.8,6.5,".254",".361",".316","0.677","0.107",".354","0","5","3","0","2",".298","28.7"
"Conforto, Michael",624424,2023,30,406,470,68,14,0,15,106,53,22.6,11.3,".239",".384",".334","0.718","0.145",".284","0","4","7","4","4",".315","26.1"
"Phillips, Brett",621433,2023,29,63,71,7,1,0,3,36,8,50.7,11.3,".175",".333",".268","0.601","0.158",".333","1","3","0","0","0",".268","28.1"
"Aguilar, Jesús",542583,2023,33,104,115,16,2,0,5,31,8,27,7,".221",".385",".281","0.666","0.164",".261","0","0","1","2","1",".282","23.0"
"Williams, Luke",663897,2023,26,19,19,1,0,0,0,7,0,36.8,0,".053",".053",".053","0.106","0.000",".083","0","4","0","0","0",".046","27.4"
"O'Neill, Tyler",641933,2023,28,238,266,32,14,0,9,67,28,25.2,10.5,".231",".403",".312","0.715","0.172",".284","0","5","0","0","0",".313","28.5"
"McNeil, Jeff",643446,2023,31,585,648,119,25,4,10,65,39,10,6,".270",".378",".333","0.711","0.108",".288","0","10","18","0","3",".314","27.4"
"Garcia, Maikel",672580,2023,23,464,515,98,20,4,4,115,38,22.3,7.4,".272",".358",".323","0.681","0.086",".344","7","23","2","0","10",".299","28.2"
"Duvall, Adam",594807,2023,34,320,353,32,24,2,21,110,22,31.2,6.2,".247",".531",".303","0.834","0.284",".299","0","4","6","1","5",".347","27.6"
"Mullins II, Cedric",656775,2023,28,404,455,53,23,3,15,101,43,22.2,9.5,".233",".416",".305","0.721","0.183",".271","3","19","1","1","4",".311","28.0"
"Robles, Victor",645302,2023,26,107,126,26,5,1,0,18,11,14.3,8.7,".299",".364",".385","0.749","0.065",".360","1","8","4","0","0",".338","28.0"
"Hernández, Enrique",571771,2023,31,465,508,76,23,0,11,97,34,19.1,6.7,".237",".357",".289","0.646","0.120",".273","1","4","3","1","6",".282","26.9"
"Luplow, Jordan",656669,2023,29,77,90,11,3,0,2,27,12,30,13.3,".208",".325",".322","0.647","0.117",".292","0","2","1","1","0",".290","27.6"
"Camargo, Johan",622666,2023,29,18,20,4,0,0,0,4,1,20,5,".222",".222",".300","0.522","0.000",".286","0","0","1","0","0",".248","24.2"
"Arenado, Nolan",571448,2023,32,560,612,95,26,2,26,101,41,16.5,6.7,".266",".459",".315","0.774","0.193",".279","3","3","3","5","8",".327","24.9"
"Aranda, Jonathan",666018,2023,25,87,103,13,4,1,2,31,13,30.1,12.6,".230",".368",".340","0.708","0.138",".327","0","0","2","1","1",".312","26.1"
"Arozarena, Randy",668227,2023,28,551,654,95,19,3,23,156,80,23.9,12.2,".254",".425",".364","0.789","0.171",".310","10","22","18","1","5",".347","28.4"
"Cabrera, Oswaldo",665828,2023,24,298,330,47,11,0,5,72,25,21.8,7.6,".211",".299",".275","0.574","0.088",".260","0","8","2","1","2",".256","27.8"
"Kirilloff, Alex",666135,2023,25,281,319,50,14,1,11,80,28,25.1,8.8,".270",".445",".348","0.793","0.175",".337","0","1","7","1","3",".343","27.2"
"Torres, Gleyber",650402,2023,26,596,672,108,28,2,25,98,67,14.6,10,".273",".453",".347","0.800","0.180",".288","6","13","3","0","6",".346","26.4"
"Díaz, Aledmys",649557,2023,32,315,344,47,20,1,4,66,17,19.2,4.9,".229",".337",".280","0.617","0.108",".273","0","1","7","2","4",".268","26.0"
"Alberto, Hanser",593643,2023,30,82,90,10,5,0,3,13,4,14.4,4.4,".220",".390",".261","0.651","0.170",".224","0","0","1","0","1",".279","25.2"
"De La Cruz, Elly",682829,2023,21,388,427,56,15,7,13,144,35,33.7,8.2,".235",".410",".300","0.710","0.175",".336","8","35","2","3","1",".305","30.5"
"Cave, Jake",595909,2023,30,184,203,25,8,1,5,55,15,27.1,7.4,".212",".348",".272","0.620","0.136",".270","0","3","1","0","2",".271","27.6"
"Crow-Armstrong, Pete",691718,2023,21,14,19,0,0,0,0,7,3,36.8,15.8,".000",".000",".176","0.176","0.000",".000","2","2","0","0","0",".123","29.9"
"Smith, Pavin",656976,2023,27,191,228,24,5,0,7,45,35,19.7,15.4,".188",".325",".317","0.642","0.137",".209","1","1","1","0","0",".293","26.2"
"Herrera, Jose",645444,2023,26,101,120,16,5,0,0,30,13,25,10.8,".208",".257",".296","0.553","0.049",".292","0","1","0","0","1",".256","25.4"
"Martini, Nick",605361,2023,33,72,79,9,3,1,6,15,5,19,6.3,".264",".583",".329","0.912","0.319",".255","0","0","2","0","0",".382","27.2"
"Cruz Jr., Nelson",443558,2023,42,143,152,24,5,1,5,46,6,30.3,3.9,".245",".399",".283","0.682","0.154",".323","0","1","2","1","1",".291","24.7"
"Outman, James",681546,2023,26,483,567,78,16,3,23,181,68,31.9,12,".248",".437",".353","0.790","0.189",".343","3","16","12","1","4",".344","28.9"
"Heineman, Tyler",623168,2023,32,38,47,7,1,1,0,8,8,17,17,".237",".316",".383","0.699","0.079",".300","0","1","1","0","0",".325","25.7"
"Schwarber, Kyle",656941,2023,30,585,720,48,19,1,47,215,126,29.9,17.5,".197",".474",".343","0.817","0.277",".209","2","0","6","5","3",".350","25.0"
"Encarnacion-Strand, Christian",687952,2023,23,222,241,40,7,0,13,69,14,28.6,5.8,".270",".477",".328","0.805","0.207",".336","0","2","5","0","0",".346","27.6"